{"v":"5.10.0","fr":60,"ip":0,"op":1892,"w":450,"h":200,"nm":"Good morning","ddd":0,"assets":[],"layers":[{"ddd":0,"ind":1,"ty":4,"nm":"Tap to Swift Outlines","sr":1,"ks":{"o":{"a":1,"k":[{"i":{"x":[0],"y":[1]},"o":{"x":[0.05],"y":[0]},"t":1350,"s":[0]},{"i":{"x":[0],"y":[1]},"o":{"x":[0.05],"y":[0]},"t":1380,"s":[100]},{"i":{"x":[0],"y":[1]},"o":{"x":[0.05],"y":[0]},"t":1861,"s":[100]},{"t":1880,"s":[0]}],"ix":11},"r":{"a":0,"k":0,"ix":10},"p":{"a":1,"k":[{"i":{"x":0,"y":1},"o":{"x":0.05,"y":0},"t":1350,"s":[225,160,0],"to":[0,0,0],"ti":[0,0,0]},{"i":{"x":0,"y":0},"o":{"x":0.05,"y":0.05},"t":1380,"s":[225,100,0],"to":[0,0,0],"ti":[0,0,0]},{"i":{"x":0,"y":1},"o":{"x":0.05,"y":0},"t":1861,"s":[225,100,0],"to":[0,0,0],"ti":[0,0,0]},{"t":1891,"s":[225,40,0]}],"ix":2,"l":2},"a":{"a":0,"k":[-0.25,-6.9,0],"ix":1,"l":2},"s":{"a":0,"k":[215.691,215.691,100],"ix":6,"l":2}},"ao":0,"shapes":[{"ty":"gr","it":[{"ind":0,"ty":"sh","ix":1,"ks":{"a":0,"k":{"i":[[0,0],[0,0],[0,0],[0,0],[0,0],[0,0],[0,0],[0,0]],"o":[[0,0],[0,0],[0,0],[0,0],[0,0],[0,0],[0,0],[0,0]],"v":[[-75.487,-17.7],[-75.487,-13.3],[-70.837,-13.3],[-70.837,0],[-65.287,0],[-65.287,-13.3],[-60.587,-13.3],[-60.587,-17.7]],"c":true},"ix":2},"nm":"T","mn":"ADBE Vector Shape - Group","hd":false},{"ty":"fl","c":{"a":0,"k":[1,0.6,0,1],"ix":4},"o":{"a":0,"k":100,"ix":5},"r":1,"bm":0,"nm":"Fill 1","mn":"ADBE Vector Graphic - Fill","hd":false},{"ty":"tr","p":{"a":0,"k":[0,0],"ix":2},"a":{"a":0,"k":[0,0],"ix":1},"s":{"a":0,"k":[100,100],"ix":3},"r":{"a":0,"k":0,"ix":6},"o":{"a":0,"k":100,"ix":7},"sk":{"a":0,"k":0,"ix":4},"sa":{"a":0,"k":0,"ix":5},"nm":"Transform"}],"nm":"T","np":3,"cix":2,"bm":0,"ix":1,"mn":"ADBE Vector Group","hd":false},{"ty":"gr","it":[{"ind":0,"ty":"sh","ix":1,"ks":{"a":0,"k":{"i":[[0,-1.483],[-0.509,-1.091],[-0.884,-0.575],[-1.1,0],[-0.667,0.375],[-0.35,0.65],[0,0],[0,0],[0,0],[0,0],[0,0],[0.666,0.375],[0.916,0],[0.883,-0.575],[0.508,-1.091]],"o":[[0,1.484],[0.508,1.092],[0.883,0.575],[0.916,0],[0.666,-0.375],[0,0],[0,0],[0,0],[0,0],[0,0],[-0.35,-0.65],[-0.667,-0.375],[-1.1,0],[-0.884,0.575],[-0.509,1.092]],"v":[[-59.837,-7.05],[-59.075,-3.188],[-56.987,-0.688],[-54.012,0.175],[-51.637,-0.387],[-50.112,-1.925],[-50.112,0],[-44.587,0],[-44.587,-14.1],[-50.112,-14.1],[-50.112,-12.175],[-51.637,-13.712],[-54.012,-14.275],[-56.987,-13.413],[-59.075,-10.913]],"c":true},"ix":2},"nm":"a","mn":"ADBE Vector Shape - Group","hd":false},{"ind":1,"ty":"sh","ix":2,"ks":{"a":0,"k":{"i":[[0,-0.75],[0.383,-0.416],[0.6,0],[0.383,0.417],[0,0.75],[-0.384,0.417],[-0.6,0],[-0.384,-0.416]],"o":[[0,0.75],[-0.384,0.417],[-0.6,0],[-0.384,-0.416],[0,-0.75],[0.383,-0.416],[0.6,0],[0.383,0.417]],"v":[[-50.112,-7.05],[-50.687,-5.3],[-52.162,-4.675],[-53.637,-5.3],[-54.212,-7.05],[-53.637,-8.8],[-52.162,-9.425],[-50.687,-8.8]],"c":true},"ix":2},"nm":"a","mn":"ADBE Vector Shape - Group","hd":false},{"ty":"mm","mm":1,"nm":"Merge Paths 1","mn":"ADBE Vector Filter - Merge","hd":false},{"ty":"fl","c":{"a":0,"k":[1,0.6,0,1],"ix":4},"o":{"a":0,"k":100,"ix":5},"r":1,"bm":0,"nm":"Fill 1","mn":"ADBE Vector Graphic - Fill","hd":false},{"ty":"tr","p":{"a":0,"k":[0,0],"ix":2},"a":{"a":0,"k":[0,0],"ix":1},"s":{"a":0,"k":[100,100],"ix":3},"r":{"a":0,"k":0,"ix":6},"o":{"a":0,"k":100,"ix":7},"sk":{"a":0,"k":0,"ix":4},"sa":{"a":0,"k":0,"ix":5},"nm":"Transform"}],"nm":"a","np":5,"cix":2,"bm":0,"ix":2,"mn":"ADBE Vector Group","hd":false},{"ty":"gr","it":[{"ind":0,"ty":"sh","ix":1,"ks":{"a":0,"k":{"i":[[0.35,-0.65],[0,0],[0,0],[0,0],[0,0],[0,0],[-0.659,-0.375],[-0.917,0],[-0.884,0.575],[-0.509,1.092],[0,1.484],[0.508,1.092],[0.883,0.575],[1.1,0],[0.658,-0.375]],"o":[[0,0],[0,0],[0,0],[0,0],[0,0],[0.35,0.65],[0.658,0.375],[1.1,0],[0.883,-0.575],[0.508,-1.091],[0,-1.483],[-0.509,-1.091],[-0.884,-0.575],[-0.917,0],[-0.659,0.375]],"v":[[-36.537,-12.175],[-36.537,-14.1],[-42.087,-14.1],[-42.087,6.75],[-36.537,6.75],[-36.537,-1.925],[-35.025,-0.387],[-32.662,0.175],[-29.687,-0.688],[-27.6,-3.188],[-26.837,-7.05],[-27.6,-10.913],[-29.687,-13.413],[-32.662,-14.275],[-35.025,-13.712]],"c":true},"ix":2},"nm":"p","mn":"ADBE Vector Shape - Group","hd":false},{"ind":1,"ty":"sh","ix":2,"ks":{"a":0,"k":{"i":[[0,-0.75],[0.383,-0.416],[0.6,0],[0.383,0.417],[0,0.75],[-0.384,0.417],[-0.6,0],[-0.384,-0.416]],"o":[[0,0.75],[-0.384,0.417],[-0.6,0],[-0.384,-0.416],[0,-0.75],[0.383,-0.416],[0.6,0],[0.383,0.417]],"v":[[-32.462,-7.05],[-33.037,-5.3],[-34.512,-4.675],[-35.987,-5.3],[-36.562,-7.05],[-35.987,-8.8],[-34.512,-9.425],[-33.037,-8.8]],"c":true},"ix":2},"nm":"p","mn":"ADBE Vector Shape - Group","hd":false},{"ty":"mm","mm":1,"nm":"Merge Paths 1","mn":"ADBE Vector Filter - Merge","hd":false},{"ty":"fl","c":{"a":0,"k":[1,0.6,0,1],"ix":4},"o":{"a":0,"k":100,"ix":5},"r":1,"bm":0,"nm":"Fill 1","mn":"ADBE Vector Graphic - Fill","hd":false},{"ty":"tr","p":{"a":0,"k":[0,0],"ix":2},"a":{"a":0,"k":[0,0],"ix":1},"s":{"a":0,"k":[100,100],"ix":3},"r":{"a":0,"k":0,"ix":6},"o":{"a":0,"k":100,"ix":7},"sk":{"a":0,"k":0,"ix":4},"sa":{"a":0,"k":0,"ix":5},"nm":"Transform"}],"nm":"p","np":5,"cix":2,"bm":0,"ix":3,"mn":"ADBE Vector Group","hd":false},{"ty":"gr","it":[{"ind":0,"ty":"sh","ix":1,"ks":{"a":0,"k":{"i":[[0,0],[0.158,0.15],[0,0.334],[0,0],[0,0],[0,0],[0,0],[0,0],[0,0],[0,0],[0,0],[0,0],[0,0],[0,0],[-3.867,0],[0,0],[0,0]],"o":[[-0.367,0],[-0.159,-0.15],[0,0],[0,0],[0,0],[0,0],[0,0],[0,0],[0,0],[0,0],[0,0],[0,0],[0,0],[0,3.85],[0,0],[0,0],[0,0]],"v":[[-13.387,-4.725],[-14.175,-4.95],[-14.412,-5.675],[-14.412,-9.475],[-12.112,-9.475],[-12.112,-14.1],[-14.412,-14.1],[-14.412,-17.5],[-19.962,-17.5],[-19.962,-14.1],[-21.712,-14.1],[-21.712,-9.475],[-19.962,-9.475],[-19.962,-5.775],[-14.162,0],[-12.062,0],[-12.062,-4.725]],"c":true},"ix":2},"nm":"t","mn":"ADBE Vector Shape - Group","hd":false},{"ty":"fl","c":{"a":0,"k":[1,1,1,1],"ix":4},"o":{"a":0,"k":100,"ix":5},"r":1,"bm":0,"nm":"Fill 1","mn":"ADBE Vector Graphic - Fill","hd":false},{"ty":"tr","p":{"a":0,"k":[0,0],"ix":2},"a":{"a":0,"k":[0,0],"ix":1},"s":{"a":0,"k":[100,100],"ix":3},"r":{"a":0,"k":0,"ix":6},"o":{"a":0,"k":100,"ix":7},"sk":{"a":0,"k":0,"ix":4},"sa":{"a":0,"k":0,"ix":5},"nm":"Transform"}],"nm":"t","np":3,"cix":2,"bm":0,"ix":4,"mn":"ADBE Vector Group","hd":false},{"ty":"gr","it":[{"ind":0,"ty":"sh","ix":1,"ks":{"a":0,"k":{"i":[[-1.417,0],[-1.134,0.584],[-0.642,1.092],[0,1.467],[0.641,1.092],[1.133,0.584],[1.416,0],[1.133,-0.583],[0.641,-1.091],[0,-1.466],[-0.642,-1.091],[-1.134,-0.583]],"o":[[1.416,0],[1.133,-0.583],[0.641,-1.091],[0,-1.466],[-0.642,-1.091],[-1.134,-0.583],[-1.417,0],[-1.134,0.584],[-0.642,1.092],[0,1.467],[0.641,1.092],[1.133,0.584]],"v":[[-3.237,0.175],[0.588,-0.7],[3.25,-3.212],[4.213,-7.05],[3.25,-10.887],[0.588,-13.4],[-3.237,-14.275],[-7.062,-13.4],[-9.725,-10.887],[-10.687,-7.05],[-9.725,-3.212],[-7.062,-0.7]],"c":true},"ix":2},"nm":"o","mn":"ADBE Vector Shape - Group","hd":false},{"ind":1,"ty":"sh","ix":2,"ks":{"a":0,"k":{"i":[[0.516,0],[0.341,0.409],[0,0.8],[-0.35,0.409],[-0.517,0],[-0.35,-0.408],[0,-0.8],[0.35,-0.408]],"o":[[-0.534,0],[-0.342,-0.408],[0,-0.8],[0.35,-0.408],[0.516,0],[0.35,0.409],[0,0.8],[-0.35,0.409]],"v":[[-3.237,-4.625],[-4.55,-5.238],[-5.062,-7.05],[-4.537,-8.863],[-3.237,-9.475],[-1.937,-8.863],[-1.412,-7.05],[-1.937,-5.238]],"c":true},"ix":2},"nm":"o","mn":"ADBE Vector Shape - Group","hd":false},{"ty":"mm","mm":1,"nm":"Merge Paths 1","mn":"ADBE Vector Filter - Merge","hd":false},{"ty":"fl","c":{"a":0,"k":[1,1,1,1],"ix":4},"o":{"a":0,"k":100,"ix":5},"r":1,"bm":0,"nm":"Fill 1","mn":"ADBE Vector Graphic - Fill","hd":false},{"ty":"tr","p":{"a":0,"k":[0,0],"ix":2},"a":{"a":0,"k":[0,0],"ix":1},"s":{"a":0,"k":[100,100],"ix":3},"r":{"a":0,"k":0,"ix":6},"o":{"a":0,"k":100,"ix":7},"sk":{"a":0,"k":0,"ix":4},"sa":{"a":0,"k":0,"ix":5},"nm":"Transform"}],"nm":"o","np":5,"cix":2,"bm":0,"ix":5,"mn":"ADBE Vector Group","hd":false},{"ty":"gr","it":[{"ind":0,"ty":"sh","ix":1,"ks":{"a":0,"k":{"i":[[-2.117,0],[-1.017,0.484],[-0.534,0.859],[0,1.084],[0.533,0.684],[0.725,0.384],[1.116,0.417],[0.441,0.259],[0,0.4],[-0.15,0.159],[-0.234,0],[-0.234,-0.216],[-0.017,-0.5],[0,0],[1.275,1],[2.166,0],[1.025,-0.416],[0.591,-0.808],[0,-1.15],[-0.534,-0.733],[-0.742,-0.383],[-1.134,-0.4],[-0.45,-0.258],[0,-0.416],[0.208,-0.141],[0.3,0],[0.083,1.017],[0,0],[-1.375,-0.991]],"o":[[1.4,0],[1.016,-0.483],[0.533,-0.858],[0,-1.033],[-0.534,-0.683],[-0.725,-0.383],[-0.967,-0.366],[-0.442,-0.258],[0,-0.283],[0.15,-0.158],[0.333,0],[0.233,0.217],[0,0],[-0.067,-1.816],[-1.275,-1],[-1.284,0],[-1.025,0.417],[-0.592,0.809],[-0.017,1.15],[0.533,0.734],[0.741,0.384],[0.95,0.334],[0.45,0.259],[0,0.3],[-0.209,0.142],[-0.817,0],[0,0],[0.116,1.917],[1.375,0.992]],"v":[[17.138,0.175],[20.763,-0.55],[23.088,-2.562],[23.888,-5.475],[23.088,-8.05],[21.2,-9.65],[18.438,-10.85],[16.325,-11.788],[15.663,-12.775],[15.888,-13.438],[16.463,-13.675],[17.313,-13.35],[17.688,-12.275],[23.663,-12.275],[21.65,-16.5],[16.488,-18],[13.025,-17.375],[10.6,-15.538],[9.713,-12.6],[10.488,-9.775],[12.4,-8.1],[15.213,-6.925],[17.313,-6.038],[17.988,-5.025],[17.675,-4.363],[16.913,-4.15],[15.563,-5.675],[9.663,-5.675],[11.9,-1.312]],"c":true},"ix":2},"nm":"S","mn":"ADBE Vector Shape - Group","hd":false},{"ty":"fl","c":{"a":0,"k":[1,1,1,1],"ix":4},"o":{"a":0,"k":100,"ix":5},"r":1,"bm":0,"nm":"Fill 1","mn":"ADBE Vector Graphic - Fill","hd":false},{"ty":"tr","p":{"a":0,"k":[0,0],"ix":2},"a":{"a":0,"k":[0,0],"ix":1},"s":{"a":0,"k":[100,100],"ix":3},"r":{"a":0,"k":0,"ix":6},"o":{"a":0,"k":100,"ix":7},"sk":{"a":0,"k":0,"ix":4},"sa":{"a":0,"k":0,"ix":5},"nm":"Transform"}],"nm":"S","np":3,"cix":2,"bm":0,"ix":6,"mn":"ADBE Vector Group","hd":false},{"ty":"gr","it":[{"ind":0,"ty":"sh","ix":1,"ks":{"a":0,"k":{"i":[[0,0],[0,0],[0,0],[0,0],[0,0],[0,0],[0,0],[0,0],[0,0],[0,0],[0,0],[0,0],[0,0]],"o":[[0,0],[0,0],[0,0],[0,0],[0,0],[0,0],[0,0],[0,0],[0,0],[0,0],[0,0],[0,0],[0,0]],"v":[[42.113,-14.1],[40.913,-5.425],[38.988,-14.1],[33.063,-14.1],[31.238,-5.525],[30.063,-14.1],[24.563,-14.1],[27.888,0],[34.138,0],[35.938,-7.95],[37.638,0],[43.888,0],[47.238,-14.1]],"c":true},"ix":2},"nm":"w","mn":"ADBE Vector Shape - Group","hd":false},{"ty":"fl","c":{"a":0,"k":[1,1,1,1],"ix":4},"o":{"a":0,"k":100,"ix":5},"r":1,"bm":0,"nm":"Fill 1","mn":"ADBE Vector Graphic - Fill","hd":false},{"ty":"tr","p":{"a":0,"k":[0,0],"ix":2},"a":{"a":0,"k":[0,0],"ix":1},"s":{"a":0,"k":[100,100],"ix":3},"r":{"a":0,"k":0,"ix":6},"o":{"a":0,"k":100,"ix":7},"sk":{"a":0,"k":0,"ix":4},"sa":{"a":0,"k":0,"ix":5},"nm":"Transform"}],"nm":"w","np":3,"cix":2,"bm":0,"ix":7,"mn":"ADBE Vector Group","hd":false},{"ty":"gr","it":[{"ind":0,"ty":"sh","ix":1,"ks":{"a":0,"k":{"i":[[-0.967,0],[-0.584,0.517],[0,0.784],[0.583,0.525],[0.95,0],[0.583,-0.525],[0,-0.8],[-0.584,-0.516]],"o":[[0.95,0],[0.583,-0.516],[0,-0.8],[-0.584,-0.525],[-0.967,0],[-0.584,0.525],[0,0.784],[0.583,0.517]],"v":[[51.213,-15.225],[53.513,-16],[54.388,-17.95],[53.513,-19.938],[51.213,-20.725],[48.888,-19.938],[48.013,-17.95],[48.888,-16]],"c":true},"ix":2},"nm":"i","mn":"ADBE Vector Shape - Group","hd":false},{"ind":1,"ty":"sh","ix":2,"ks":{"a":0,"k":{"i":[[0,0],[0,0],[0,0],[0,0]],"o":[[0,0],[0,0],[0,0],[0,0]],"v":[[48.413,-14.1],[48.413,0],[53.963,0],[53.963,-14.1]],"c":true},"ix":2},"nm":"i","mn":"ADBE Vector Shape - Group","hd":false},{"ty":"mm","mm":1,"nm":"Merge Paths 1","mn":"ADBE Vector Filter - Merge","hd":false},{"ty":"fl","c":{"a":0,"k":[1,1,1,1],"ix":4},"o":{"a":0,"k":100,"ix":5},"r":1,"bm":0,"nm":"Fill 1","mn":"ADBE Vector Graphic - Fill","hd":false},{"ty":"tr","p":{"a":0,"k":[0,0],"ix":2},"a":{"a":0,"k":[0,0],"ix":1},"s":{"a":0,"k":[100,100],"ix":3},"r":{"a":0,"k":0,"ix":6},"o":{"a":0,"k":100,"ix":7},"sk":{"a":0,"k":0,"ix":4},"sa":{"a":0,"k":0,"ix":5},"nm":"Transform"}],"nm":"i","np":5,"cix":2,"bm":0,"ix":8,"mn":"ADBE Vector Group","hd":false},{"ty":"gr","it":[{"ind":0,"ty":"sh","ix":1,"ks":{"a":0,"k":{"i":[[-0.3,-0.033],[0,0],[0.233,0],[1.125,-1.008],[0.033,-1.833],[0,0],[0,0],[0,0],[0,0],[0,0],[0,0],[0,0],[0,0],[0,0],[-0.217,0.159],[-0.417,0]],"o":[[0,0],[-0.534,-0.033],[-2.034,0],[-1.125,1.009],[0,0],[0,0],[0,0],[0,0],[0,0],[0,0],[0,0],[0,0],[0,0],[0.083,-0.383],[0.216,-0.158],[0.116,0]],"v":[[64.588,-15.1],[64.588,-19.825],[63.438,-19.875],[58.7,-18.363],[56.963,-14.1],[55.463,-14.1],[55.463,-9.475],[56.963,-9.475],[56.963,0],[62.513,0],[62.513,-9.475],[64.588,-9.475],[64.588,-14.1],[62.563,-14.1],[63.013,-14.913],[63.963,-15.15]],"c":true},"ix":2},"nm":"f","mn":"ADBE Vector Shape - Group","hd":false},{"ty":"fl","c":{"a":0,"k":[1,1,1,1],"ix":4},"o":{"a":0,"k":100,"ix":5},"r":1,"bm":0,"nm":"Fill 1","mn":"ADBE Vector Graphic - Fill","hd":false},{"ty":"tr","p":{"a":0,"k":[0,0],"ix":2},"a":{"a":0,"k":[0,0],"ix":1},"s":{"a":0,"k":[100,100],"ix":3},"r":{"a":0,"k":0,"ix":6},"o":{"a":0,"k":100,"ix":7},"sk":{"a":0,"k":0,"ix":4},"sa":{"a":0,"k":0,"ix":5},"nm":"Transform"}],"nm":"f","np":3,"cix":2,"bm":0,"ix":9,"mn":"ADBE Vector Group","hd":false},{"ty":"gr","it":[{"ind":0,"ty":"sh","ix":1,"ks":{"a":0,"k":{"i":[[0,0],[0.158,0.15],[0,0.334],[0,0],[0,0],[0,0],[0,0],[0,0],[0,0],[0,0],[0,0],[0,0],[0,0],[0,0],[-3.867,0],[0,0],[0,0]],"o":[[-0.367,0],[-0.159,-0.15],[0,0],[0,0],[0,0],[0,0],[0,0],[0,0],[0,0],[0,0],[0,0],[0,0],[0,0],[0,3.85],[0,0],[0,0],[0,0]],"v":[[73.538,-4.725],[72.75,-4.95],[72.513,-5.675],[72.513,-9.475],[74.813,-9.475],[74.813,-14.1],[72.513,-14.1],[72.513,-17.5],[66.963,-17.5],[66.963,-14.1],[65.213,-14.1],[65.213,-9.475],[66.963,-9.475],[66.963,-5.775],[72.763,0],[74.863,0],[74.863,-4.725]],"c":true},"ix":2},"nm":"t","mn":"ADBE Vector Shape - Group","hd":false},{"ty":"fl","c":{"a":0,"k":[1,1,1,1],"ix":4},"o":{"a":0,"k":100,"ix":5},"r":1,"bm":0,"nm":"Fill 1","mn":"ADBE Vector Graphic - Fill","hd":false},{"ty":"tr","p":{"a":0,"k":[0,0],"ix":2},"a":{"a":0,"k":[0,0],"ix":1},"s":{"a":0,"k":[100,100],"ix":3},"r":{"a":0,"k":0,"ix":6},"o":{"a":0,"k":100,"ix":7},"sk":{"a":0,"k":0,"ix":4},"sa":{"a":0,"k":0,"ix":5},"nm":"Transform"}],"nm":"t","np":3,"cix":2,"bm":0,"ix":10,"mn":"ADBE Vector Group","hd":false}],"ip":1350,"op":1892,"st":1350,"ct":1,"bm":0},{"ddd":0,"ind":3,"ty":4,"nm":"Hold for menu 2 Outlines","sr":1,"ks":{"o":{"a":1,"k":[{"i":{"x":[0],"y":[1]},"o":{"x":[0.05],"y":[0]},"t":1140,"s":[0]},{"i":{"x":[0],"y":[1]},"o":{"x":[0.05],"y":[0]},"t":1170,"s":[100]},{"i":{"x":[0],"y":[1]},"o":{"x":[0.05],"y":[0]},"t":1350,"s":[100]},{"t":1369,"s":[0]}],"ix":11},"r":{"a":0,"k":0,"ix":10},"p":{"a":1,"k":[{"i":{"x":0,"y":1},"o":{"x":0.05,"y":0},"t":1140,"s":[225,160,0],"to":[0,0,0],"ti":[0,0,0]},{"i":{"x":0,"y":0},"o":{"x":0.05,"y":0.05},"t":1170,"s":[225,100,0],"to":[0,0,0],"ti":[0,0,0]},{"i":{"x":0,"y":1},"o":{"x":0.05,"y":0},"t":1350,"s":[225,100,0],"to":[0,0,0],"ti":[0,0,0]},{"t":1380,"s":[225,40,0]}],"ix":2,"l":2},"a":{"a":0,"k":[-0.25,-6.9,0],"ix":1,"l":2},"s":{"a":0,"k":[215.691,215.691,100],"ix":6,"l":2}},"ao":0,"shapes":[{"ty":"gr","it":[{"ind":0,"ty":"sh","ix":1,"ks":{"a":0,"k":{"i":[[0,0],[0,0],[0,0],[0,0],[0,0],[0,0],[0,0],[0,0],[0,0],[0,0],[0,0],[0,0]],"o":[[0,0],[0,0],[0,0],[0,0],[0,0],[0,0],[0,0],[0,0],[0,0],[0,0],[0,0],[0,0]],"v":[[-79.262,-17.7],[-79.262,-11.325],[-84.537,-11.325],[-84.537,-17.7],[-90.087,-17.7],[-90.087,0],[-84.537,0],[-84.537,-6.9],[-79.262,-6.9],[-79.262,0],[-73.712,0],[-73.712,-17.7]],"c":true},"ix":2},"nm":"H","mn":"ADBE Vector Shape - Group","hd":false},{"ty":"fl","c":{"a":0,"k":[1,0.6,0,1],"ix":4},"o":{"a":0,"k":100,"ix":5},"r":1,"bm":0,"nm":"Fill 1","mn":"ADBE Vector Graphic - Fill","hd":false},{"ty":"tr","p":{"a":0,"k":[0,0],"ix":2},"a":{"a":0,"k":[0,0],"ix":1},"s":{"a":0,"k":[100,100],"ix":3},"r":{"a":0,"k":0,"ix":6},"o":{"a":0,"k":100,"ix":7},"sk":{"a":0,"k":0,"ix":4},"sa":{"a":0,"k":0,"ix":5},"nm":"Transform"}],"nm":"H","np":3,"cix":2,"bm":0,"ix":1,"mn":"ADBE Vector Group","hd":false},{"ty":"gr","it":[{"ind":0,"ty":"sh","ix":1,"ks":{"a":0,"k":{"i":[[-1.417,0],[-1.134,0.584],[-0.642,1.092],[0,1.467],[0.641,1.092],[1.133,0.584],[1.416,0],[1.133,-0.583],[0.641,-1.091],[0,-1.466],[-0.642,-1.091],[-1.134,-0.583]],"o":[[1.416,0],[1.133,-0.583],[0.641,-1.091],[0,-1.466],[-0.642,-1.091],[-1.134,-0.583],[-1.417,0],[-1.134,0.584],[-0.642,1.092],[0,1.467],[0.641,1.092],[1.133,0.584]],"v":[[-64.512,0.175],[-60.687,-0.7],[-58.025,-3.212],[-57.062,-7.05],[-58.025,-10.887],[-60.687,-13.4],[-64.512,-14.275],[-68.337,-13.4],[-71,-10.887],[-71.962,-7.05],[-71,-3.212],[-68.337,-0.7]],"c":true},"ix":2},"nm":"o","mn":"ADBE Vector Shape - Group","hd":false},{"ind":1,"ty":"sh","ix":2,"ks":{"a":0,"k":{"i":[[0.516,0],[0.341,0.409],[0,0.8],[-0.35,0.409],[-0.517,0],[-0.35,-0.408],[0,-0.8],[0.35,-0.408]],"o":[[-0.534,0],[-0.342,-0.408],[0,-0.8],[0.35,-0.408],[0.516,0],[0.35,0.409],[0,0.8],[-0.35,0.409]],"v":[[-64.512,-4.625],[-65.825,-5.238],[-66.337,-7.05],[-65.812,-8.863],[-64.512,-9.475],[-63.212,-8.863],[-62.687,-7.05],[-63.212,-5.238]],"c":true},"ix":2},"nm":"o","mn":"ADBE Vector Shape - Group","hd":false},{"ty":"mm","mm":1,"nm":"Merge Paths 1","mn":"ADBE Vector Filter - Merge","hd":false},{"ty":"fl","c":{"a":0,"k":[1,0.6,0,1],"ix":4},"o":{"a":0,"k":100,"ix":5},"r":1,"bm":0,"nm":"Fill 1","mn":"ADBE Vector Graphic - Fill","hd":false},{"ty":"tr","p":{"a":0,"k":[0,0],"ix":2},"a":{"a":0,"k":[0,0],"ix":1},"s":{"a":0,"k":[100,100],"ix":3},"r":{"a":0,"k":0,"ix":6},"o":{"a":0,"k":100,"ix":7},"sk":{"a":0,"k":0,"ix":4},"sa":{"a":0,"k":0,"ix":5},"nm":"Transform"}],"nm":"o","np":5,"cix":2,"bm":0,"ix":2,"mn":"ADBE Vector Group","hd":false},{"ty":"gr","it":[{"ind":0,"ty":"sh","ix":1,"ks":{"a":0,"k":{"i":[[0,0],[0,0],[0,0],[0,0]],"o":[[0,0],[0,0],[0,0],[0,0]],"v":[[-55.312,-18.5],[-55.312,0],[-49.762,0],[-49.762,-18.5]],"c":true},"ix":2},"nm":"l","mn":"ADBE Vector Shape - Group","hd":false},{"ty":"fl","c":{"a":0,"k":[1,0.6,0,1],"ix":4},"o":{"a":0,"k":100,"ix":5},"r":1,"bm":0,"nm":"Fill 1","mn":"ADBE Vector Graphic - Fill","hd":false},{"ty":"tr","p":{"a":0,"k":[0,0],"ix":2},"a":{"a":0,"k":[0,0],"ix":1},"s":{"a":0,"k":[100,100],"ix":3},"r":{"a":0,"k":0,"ix":6},"o":{"a":0,"k":100,"ix":7},"sk":{"a":0,"k":0,"ix":4},"sa":{"a":0,"k":0,"ix":5},"nm":"Transform"}],"nm":"l","np":3,"cix":2,"bm":0,"ix":3,"mn":"ADBE Vector Group","hd":false},{"ty":"gr","it":[{"ind":0,"ty":"sh","ix":1,"ks":{"a":0,"k":{"i":[[0,-1.483],[-0.509,-1.091],[-0.884,-0.575],[-1.1,0],[-0.659,0.375],[-0.35,0.65],[0,0],[0,0],[0,0],[0,0],[0,0],[0.658,0.375],[0.916,0],[0.883,-0.575],[0.508,-1.091]],"o":[[0,1.484],[0.508,1.092],[0.883,0.575],[0.916,0],[0.658,-0.375],[0,0],[0,0],[0,0],[0,0],[0,0],[-0.35,-0.65],[-0.659,-0.375],[-1.1,0],[-0.884,0.575],[-0.509,1.092]],"v":[[-48.012,-7.05],[-47.25,-3.188],[-45.162,-0.688],[-42.187,0.175],[-39.825,-0.387],[-38.312,-1.925],[-38.312,0],[-32.762,0],[-32.762,-18.5],[-38.312,-18.5],[-38.312,-12.175],[-39.825,-13.712],[-42.187,-14.275],[-45.162,-13.413],[-47.25,-10.913]],"c":true},"ix":2},"nm":"d","mn":"ADBE Vector Shape - Group","hd":false},{"ind":1,"ty":"sh","ix":2,"ks":{"a":0,"k":{"i":[[0,-0.75],[0.383,-0.416],[0.6,0],[0.383,0.417],[0,0.75],[-0.384,0.417],[-0.6,0],[-0.384,-0.416]],"o":[[0,0.75],[-0.384,0.417],[-0.6,0],[-0.384,-0.416],[0,-0.75],[0.383,-0.416],[0.6,0],[0.383,0.417]],"v":[[-38.287,-7.05],[-38.862,-5.3],[-40.337,-4.675],[-41.812,-5.3],[-42.387,-7.05],[-41.812,-8.8],[-40.337,-9.425],[-38.862,-8.8]],"c":true},"ix":2},"nm":"d","mn":"ADBE Vector Shape - Group","hd":false},{"ty":"mm","mm":1,"nm":"Merge Paths 1","mn":"ADBE Vector Filter - Merge","hd":false},{"ty":"fl","c":{"a":0,"k":[1,0.6,0,1],"ix":4},"o":{"a":0,"k":100,"ix":5},"r":1,"bm":0,"nm":"Fill 1","mn":"ADBE Vector Graphic - Fill","hd":false},{"ty":"tr","p":{"a":0,"k":[0,0],"ix":2},"a":{"a":0,"k":[0,0],"ix":1},"s":{"a":0,"k":[100,100],"ix":3},"r":{"a":0,"k":0,"ix":6},"o":{"a":0,"k":100,"ix":7},"sk":{"a":0,"k":0,"ix":4},"sa":{"a":0,"k":0,"ix":5},"nm":"Transform"}],"nm":"d","np":5,"cix":2,"bm":0,"ix":4,"mn":"ADBE Vector Group","hd":false},{"ty":"gr","it":[{"ind":0,"ty":"sh","ix":1,"ks":{"a":0,"k":{"i":[[-0.3,-0.033],[0,0],[0.233,0],[1.125,-1.008],[0.033,-1.833],[0,0],[0,0],[0,0],[0,0],[0,0],[0,0],[0,0],[0,0],[0,0],[-0.217,0.159],[-0.417,0]],"o":[[0,0],[-0.534,-0.033],[-2.034,0],[-1.125,1.009],[0,0],[0,0],[0,0],[0,0],[0,0],[0,0],[0,0],[0,0],[0,0],[0.083,-0.383],[0.216,-0.158],[0.116,0]],"v":[[-17.887,-15.1],[-17.887,-19.825],[-19.037,-19.875],[-23.775,-18.363],[-25.512,-14.1],[-27.012,-14.1],[-27.012,-9.475],[-25.512,-9.475],[-25.512,0],[-19.962,0],[-19.962,-9.475],[-17.887,-9.475],[-17.887,-14.1],[-19.912,-14.1],[-19.462,-14.913],[-18.512,-15.15]],"c":true},"ix":2},"nm":"f","mn":"ADBE Vector Shape - Group","hd":false},{"ty":"fl","c":{"a":0,"k":[1,1,1,1],"ix":4},"o":{"a":0,"k":100,"ix":5},"r":1,"bm":0,"nm":"Fill 1","mn":"ADBE Vector Graphic - Fill","hd":false},{"ty":"tr","p":{"a":0,"k":[0,0],"ix":2},"a":{"a":0,"k":[0,0],"ix":1},"s":{"a":0,"k":[100,100],"ix":3},"r":{"a":0,"k":0,"ix":6},"o":{"a":0,"k":100,"ix":7},"sk":{"a":0,"k":0,"ix":4},"sa":{"a":0,"k":0,"ix":5},"nm":"Transform"}],"nm":"f","np":3,"cix":2,"bm":0,"ix":5,"mn":"ADBE Vector Group","hd":false},{"ty":"gr","it":[{"ind":0,"ty":"sh","ix":1,"ks":{"a":0,"k":{"i":[[-1.417,0],[-1.134,0.584],[-0.642,1.092],[0,1.467],[0.641,1.092],[1.133,0.584],[1.416,0],[1.133,-0.583],[0.641,-1.091],[0,-1.466],[-0.642,-1.091],[-1.134,-0.583]],"o":[[1.416,0],[1.133,-0.583],[0.641,-1.091],[0,-1.466],[-0.642,-1.091],[-1.134,-0.583],[-1.417,0],[-1.134,0.584],[-0.642,1.092],[0,1.467],[0.641,1.092],[1.133,0.584]],"v":[[-9.687,0.175],[-5.862,-0.7],[-3.2,-3.212],[-2.237,-7.05],[-3.2,-10.887],[-5.862,-13.4],[-9.687,-14.275],[-13.512,-13.4],[-16.175,-10.887],[-17.137,-7.05],[-16.175,-3.212],[-13.512,-0.7]],"c":true},"ix":2},"nm":"o","mn":"ADBE Vector Shape - Group","hd":false},{"ind":1,"ty":"sh","ix":2,"ks":{"a":0,"k":{"i":[[0.516,0],[0.341,0.409],[0,0.8],[-0.35,0.409],[-0.517,0],[-0.35,-0.408],[0,-0.8],[0.35,-0.408]],"o":[[-0.534,0],[-0.342,-0.408],[0,-0.8],[0.35,-0.408],[0.516,0],[0.35,0.409],[0,0.8],[-0.35,0.409]],"v":[[-9.687,-4.625],[-11,-5.238],[-11.512,-7.05],[-10.987,-8.863],[-9.687,-9.475],[-8.387,-8.863],[-7.862,-7.05],[-8.387,-5.238]],"c":true},"ix":2},"nm":"o","mn":"ADBE Vector Shape - Group","hd":false},{"ty":"mm","mm":1,"nm":"Merge Paths 1","mn":"ADBE Vector Filter - Merge","hd":false},{"ty":"fl","c":{"a":0,"k":[1,1,1,1],"ix":4},"o":{"a":0,"k":100,"ix":5},"r":1,"bm":0,"nm":"Fill 1","mn":"ADBE Vector Graphic - Fill","hd":false},{"ty":"tr","p":{"a":0,"k":[0,0],"ix":2},"a":{"a":0,"k":[0,0],"ix":1},"s":{"a":0,"k":[100,100],"ix":3},"r":{"a":0,"k":0,"ix":6},"o":{"a":0,"k":100,"ix":7},"sk":{"a":0,"k":0,"ix":4},"sa":{"a":0,"k":0,"ix":5},"nm":"Transform"}],"nm":"o","np":5,"cix":2,"bm":0,"ix":6,"mn":"ADBE Vector Group","hd":false},{"ty":"gr","it":[{"ind":0,"ty":"sh","ix":1,"ks":{"a":0,"k":{"i":[[0.566,-0.816],[0,0],[0,0],[0,0],[0,0],[0,0],[-0.492,0.367],[-1.05,0],[0,0],[0,0],[0.816,-0.491]],"o":[[0,0],[0,0],[0,0],[0,0],[0,0],[0,-0.933],[0.491,-0.366],[0,0],[0,0],[-0.884,0],[-0.817,0.492]],"v":[[5.063,-11.5],[5.063,-14.1],[-0.487,-14.1],[-0.487,0],[5.063,0],[5.063,-5.775],[5.8,-7.725],[8.113,-8.275],[9.688,-8.275],[9.688,-14.2],[7.138,-13.462]],"c":true},"ix":2},"nm":"r","mn":"ADBE Vector Shape - Group","hd":false},{"ty":"fl","c":{"a":0,"k":[1,1,1,1],"ix":4},"o":{"a":0,"k":100,"ix":5},"r":1,"bm":0,"nm":"Fill 1","mn":"ADBE Vector Graphic - Fill","hd":false},{"ty":"tr","p":{"a":0,"k":[0,0],"ix":2},"a":{"a":0,"k":[0,0],"ix":1},"s":{"a":0,"k":[100,100],"ix":3},"r":{"a":0,"k":0,"ix":6},"o":{"a":0,"k":100,"ix":7},"sk":{"a":0,"k":0,"ix":4},"sa":{"a":0,"k":0,"ix":5},"nm":"Transform"}],"nm":"r","np":3,"cix":2,"bm":0,"ix":7,"mn":"ADBE Vector Group","hd":false},{"ty":"gr","it":[{"ind":0,"ty":"sh","ix":1,"ks":{"a":0,"k":{"i":[[1.8,0],[0.8,-0.475],[0.516,-0.733],[0.783,0.442],[1.016,0],[0.691,-0.366],[0.4,-0.6],[0,0],[0,0],[0,0],[0,0],[0,0],[-0.35,0.342],[-0.617,0],[-0.359,-0.341],[0,-0.6],[0,0],[0,0],[0,0],[-0.35,0.342],[-0.617,0],[-0.359,-0.341],[0,-0.6],[0,0],[0,0],[0,0],[0.991,1.084]],"o":[[-0.967,0],[-0.8,0.475],[-0.467,-0.8],[-0.784,-0.441],[-0.934,0],[-0.692,0.367],[0,0],[0,0],[0,0],[0,0],[0,0],[0,-0.6],[0.35,-0.341],[0.6,0],[0.358,0.342],[0,0],[0,0],[0,0],[0,-0.6],[0.35,-0.341],[0.6,0],[0.358,0.342],[0,0],[0,0],[0,0],[0,-1.85],[-0.992,-1.083]],"v":[[34.263,-14.2],[31.613,-13.488],[29.638,-11.675],[27.763,-13.538],[25.063,-14.2],[22.625,-13.65],[20.988,-12.2],[20.988,-14.1],[15.438,-14.1],[15.438,0],[20.988,0],[20.988,-7.475],[21.513,-8.887],[22.963,-9.4],[24.4,-8.887],[24.938,-7.475],[24.938,0],[30.463,0],[30.463,-7.475],[30.988,-8.887],[32.438,-9.4],[33.875,-8.887],[34.413,-7.475],[34.413,0],[39.938,0],[39.938,-8.175],[38.45,-12.575]],"c":true},"ix":2},"nm":"m","mn":"ADBE Vector Shape - Group","hd":false},{"ty":"fl","c":{"a":0,"k":[1,1,1,1],"ix":4},"o":{"a":0,"k":100,"ix":5},"r":1,"bm":0,"nm":"Fill 1","mn":"ADBE Vector Graphic - Fill","hd":false},{"ty":"tr","p":{"a":0,"k":[0,0],"ix":2},"a":{"a":0,"k":[0,0],"ix":1},"s":{"a":0,"k":[100,100],"ix":3},"r":{"a":0,"k":0,"ix":6},"o":{"a":0,"k":100,"ix":7},"sk":{"a":0,"k":0,"ix":4},"sa":{"a":0,"k":0,"ix":5},"nm":"Transform"}],"nm":"m","np":3,"cix":2,"bm":0,"ix":8,"mn":"ADBE Vector Group","hd":false},{"ty":"gr","it":[{"ind":0,"ty":"sh","ix":1,"ks":{"a":0,"k":{"i":[[0,0.384],[0.608,1.067],[1.091,0.575],[1.4,0],[1.091,-0.583],[0.608,-1.091],[0,-1.466],[-0.609,-1.091],[-1.092,-0.583],[-1.4,0],[-0.975,0.459],[-0.642,0.792],[-0.2,1],[0,0],[0.6,0],[0.083,1.217],[0,0]],"o":[[0,-1.45],[-0.609,-1.066],[-1.092,-0.575],[-1.4,0],[-1.092,0.584],[-0.609,1.092],[0,1.467],[0.608,1.092],[1.091,0.584],[1.166,0],[0.975,-0.458],[0.641,-0.791],[0,0],[-0.267,0.55],[-0.934,0],[0,0],[0.05,-0.35]],"v":[[55.988,-7.175],[55.075,-10.95],[52.525,-13.413],[48.788,-14.275],[45.05,-13.4],[42.5,-10.887],[41.588,-7.05],[42.5,-3.212],[45.05,-0.7],[48.788,0.175],[52,-0.512],[54.425,-2.387],[55.688,-5.075],[49.813,-5.075],[48.513,-4.25],[46.988,-6.075],[55.913,-6.075]],"c":true},"ix":2},"nm":"e","mn":"ADBE Vector Shape - Group","hd":false},{"ind":1,"ty":"sh","ix":2,"ks":{"a":0,"k":{"i":[[0,0],[-0.984,0],[-0.3,-0.241],[0,-0.466]],"o":[[0.166,-0.95],[0.45,0],[0.3,0.242],[0,0]],"v":[[47.063,-8.5],[48.788,-9.925],[49.913,-9.562],[50.363,-8.5]],"c":true},"ix":2},"nm":"e","mn":"ADBE Vector Shape - Group","hd":false},{"ty":"mm","mm":1,"nm":"Merge Paths 1","mn":"ADBE Vector Filter - Merge","hd":false},{"ty":"fl","c":{"a":0,"k":[1,1,1,1],"ix":4},"o":{"a":0,"k":100,"ix":5},"r":1,"bm":0,"nm":"Fill 1","mn":"ADBE Vector Graphic - Fill","hd":false},{"ty":"tr","p":{"a":0,"k":[0,0],"ix":2},"a":{"a":0,"k":[0,0],"ix":1},"s":{"a":0,"k":[100,100],"ix":3},"r":{"a":0,"k":0,"ix":6},"o":{"a":0,"k":100,"ix":7},"sk":{"a":0,"k":0,"ix":4},"sa":{"a":0,"k":0,"ix":5},"nm":"Transform"}],"nm":"e","np":5,"cix":2,"bm":0,"ix":9,"mn":"ADBE Vector Group","hd":false},{"ty":"gr","it":[{"ind":0,"ty":"sh","ix":1,"ks":{"a":0,"k":{"i":[[1.616,0],[0.725,-0.416],[0.433,-0.666],[0,0],[0,0],[0,0],[0,0],[0,0],[-0.35,0.392],[-0.617,0],[-0.359,-0.391],[0,-0.666],[0,0],[0,0],[0,0],[0.908,1.084]],"o":[[-1,0],[-0.725,0.417],[0,0],[0,0],[0,0],[0,0],[0,0],[0,-0.666],[0.35,-0.391],[0.6,0],[0.358,0.392],[0,0],[0,0],[0,0],[0,-1.85],[-0.909,-1.083]],"v":[[67.613,-14.2],[65.025,-13.575],[63.288,-11.95],[63.288,-14.1],[57.738,-14.1],[57.738,0],[63.288,0],[63.288,-7.475],[63.813,-9.062],[65.263,-9.65],[66.7,-9.062],[67.238,-7.475],[67.238,0],[72.763,0],[72.763,-8.175],[71.4,-12.575]],"c":true},"ix":2},"nm":"n","mn":"ADBE Vector Shape - Group","hd":false},{"ty":"fl","c":{"a":0,"k":[1,1,1,1],"ix":4},"o":{"a":0,"k":100,"ix":5},"r":1,"bm":0,"nm":"Fill 1","mn":"ADBE Vector Graphic - Fill","hd":false},{"ty":"tr","p":{"a":0,"k":[0,0],"ix":2},"a":{"a":0,"k":[0,0],"ix":1},"s":{"a":0,"k":[100,100],"ix":3},"r":{"a":0,"k":0,"ix":6},"o":{"a":0,"k":100,"ix":7},"sk":{"a":0,"k":0,"ix":4},"sa":{"a":0,"k":0,"ix":5},"nm":"Transform"}],"nm":"n","np":3,"cix":2,"bm":0,"ix":10,"mn":"ADBE Vector Group","hd":false},{"ty":"gr","it":[{"ind":0,"ty":"sh","ix":1,"ks":{"a":0,"k":{"i":[[0,0],[0,0],[0.35,-0.391],[0.616,0],[0.358,0.392],[0,0.667],[0,0],[0,0],[0,0],[-0.909,-1.083],[-1.617,0],[-0.725,0.417],[-0.434,0.667],[0,0],[0,0],[0,0]],"o":[[0,0],[0,0.667],[-0.35,0.392],[-0.6,0],[-0.359,-0.391],[0,0],[0,0],[0,0],[0,1.85],[0.908,1.084],[1,0],[0.725,-0.416],[0,0],[0,0],[0,0],[0,0]],"v":[[84.538,-14.1],[84.538,-6.625],[84.013,-5.038],[82.563,-4.45],[81.125,-5.038],[80.588,-6.625],[80.588,-14.1],[75.063,-14.1],[75.063,-5.925],[76.425,-1.525],[80.213,0.1],[82.8,-0.525],[84.538,-2.15],[84.538,0],[90.088,0],[90.088,-14.1]],"c":true},"ix":2},"nm":"u","mn":"ADBE Vector Shape - Group","hd":false},{"ty":"fl","c":{"a":0,"k":[1,1,1,1],"ix":4},"o":{"a":0,"k":100,"ix":5},"r":1,"bm":0,"nm":"Fill 1","mn":"ADBE Vector Graphic - Fill","hd":false},{"ty":"tr","p":{"a":0,"k":[0,0],"ix":2},"a":{"a":0,"k":[0,0],"ix":1},"s":{"a":0,"k":[100,100],"ix":3},"r":{"a":0,"k":0,"ix":6},"o":{"a":0,"k":100,"ix":7},"sk":{"a":0,"k":0,"ix":4},"sa":{"a":0,"k":0,"ix":5},"nm":"Transform"}],"nm":"u","np":3,"cix":2,"bm":0,"ix":11,"mn":"ADBE Vector Group","hd":false}],"ip":1140,"op":1381,"st":1140,"ct":1,"bm":0},{"ddd":0,"ind":5,"ty":4,"nm":"You got this Outlines","sr":1,"ks":{"o":{"a":1,"k":[{"i":{"x":[0],"y":[1]},"o":{"x":[0.05],"y":[0]},"t":930,"s":[0]},{"i":{"x":[0],"y":[1]},"o":{"x":[0.05],"y":[0]},"t":960,"s":[100]},{"i":{"x":[0],"y":[1]},"o":{"x":[0.05],"y":[0]},"t":1140,"s":[100]},{"t":1159,"s":[0]}],"ix":11},"r":{"a":0,"k":0,"ix":10},"p":{"a":1,"k":[{"i":{"x":0,"y":1},"o":{"x":0.05,"y":0},"t":930,"s":[225,160,0],"to":[0,0,0],"ti":[0,0,0]},{"i":{"x":0,"y":0},"o":{"x":0.05,"y":0.05},"t":960,"s":[225,100,0],"to":[0,0,0],"ti":[0,0,0]},{"i":{"x":0,"y":1},"o":{"x":0.05,"y":0},"t":1140,"s":[225,100,0],"to":[0,0,0],"ti":[0,0,0]},{"t":1170,"s":[225,40,0]}],"ix":2,"l":2},"a":{"a":0,"k":[-0.25,-6.9,0],"ix":1,"l":2},"s":{"a":0,"k":[215.691,215.691,100],"ix":6,"l":2}},"ao":0,"shapes":[{"ty":"gr","it":[{"ind":0,"ty":"sh","ix":1,"ks":{"a":0,"k":{"i":[[0,0],[0,0],[0,0],[0,0],[0,0],[0,0],[0,0],[0,0],[0,0]],"o":[[0,0],[0,0],[0,0],[0,0],[0,0],[0,0],[0,0],[0,0],[0,0]],"v":[[-65.362,-17.7],[-68.187,-11.425],[-71.012,-17.7],[-77.362,-17.7],[-71.012,-5.375],[-71.012,0],[-65.462,0],[-65.462,-5.375],[-59.112,-17.7]],"c":true},"ix":2},"nm":"Y","mn":"ADBE Vector Shape - Group","hd":false},{"ty":"fl","c":{"a":0,"k":[1,0.6,0,1],"ix":4},"o":{"a":0,"k":100,"ix":5},"r":1,"bm":0,"nm":"Fill 1","mn":"ADBE Vector Graphic - Fill","hd":false},{"ty":"tr","p":{"a":0,"k":[0,0],"ix":2},"a":{"a":0,"k":[0,0],"ix":1},"s":{"a":0,"k":[100,100],"ix":3},"r":{"a":0,"k":0,"ix":6},"o":{"a":0,"k":100,"ix":7},"sk":{"a":0,"k":0,"ix":4},"sa":{"a":0,"k":0,"ix":5},"nm":"Transform"}],"nm":"Y","np":3,"cix":2,"bm":0,"ix":1,"mn":"ADBE Vector Group","hd":false},{"ty":"gr","it":[{"ind":0,"ty":"sh","ix":1,"ks":{"a":0,"k":{"i":[[-1.417,0],[-1.134,0.584],[-0.642,1.092],[0,1.467],[0.641,1.092],[1.133,0.584],[1.416,0],[1.133,-0.583],[0.641,-1.091],[0,-1.466],[-0.642,-1.091],[-1.134,-0.583]],"o":[[1.416,0],[1.133,-0.583],[0.641,-1.091],[0,-1.466],[-0.642,-1.091],[-1.134,-0.583],[-1.417,0],[-1.134,0.584],[-0.642,1.092],[0,1.467],[0.641,1.092],[1.133,0.584]],"v":[[-51.162,0.175],[-47.337,-0.7],[-44.675,-3.212],[-43.712,-7.05],[-44.675,-10.887],[-47.337,-13.4],[-51.162,-14.275],[-54.987,-13.4],[-57.65,-10.887],[-58.612,-7.05],[-57.65,-3.212],[-54.987,-0.7]],"c":true},"ix":2},"nm":"o","mn":"ADBE Vector Shape - Group","hd":false},{"ind":1,"ty":"sh","ix":2,"ks":{"a":0,"k":{"i":[[0.516,0],[0.341,0.409],[0,0.8],[-0.35,0.409],[-0.517,0],[-0.35,-0.408],[0,-0.8],[0.35,-0.408]],"o":[[-0.534,0],[-0.342,-0.408],[0,-0.8],[0.35,-0.408],[0.516,0],[0.35,0.409],[0,0.8],[-0.35,0.409]],"v":[[-51.162,-4.625],[-52.475,-5.238],[-52.987,-7.05],[-52.462,-8.863],[-51.162,-9.475],[-49.862,-8.863],[-49.337,-7.05],[-49.862,-5.238]],"c":true},"ix":2},"nm":"o","mn":"ADBE Vector Shape - Group","hd":false},{"ty":"mm","mm":1,"nm":"Merge Paths 1","mn":"ADBE Vector Filter - Merge","hd":false},{"ty":"fl","c":{"a":0,"k":[1,0.6,0,1],"ix":4},"o":{"a":0,"k":100,"ix":5},"r":1,"bm":0,"nm":"Fill 1","mn":"ADBE Vector Graphic - Fill","hd":false},{"ty":"tr","p":{"a":0,"k":[0,0],"ix":2},"a":{"a":0,"k":[0,0],"ix":1},"s":{"a":0,"k":[100,100],"ix":3},"r":{"a":0,"k":0,"ix":6},"o":{"a":0,"k":100,"ix":7},"sk":{"a":0,"k":0,"ix":4},"sa":{"a":0,"k":0,"ix":5},"nm":"Transform"}],"nm":"o","np":5,"cix":2,"bm":0,"ix":2,"mn":"ADBE Vector Group","hd":false},{"ty":"gr","it":[{"ind":0,"ty":"sh","ix":1,"ks":{"a":0,"k":{"i":[[0,0],[0,0],[0.35,-0.391],[0.616,0],[0.358,0.392],[0,0.667],[0,0],[0,0],[0,0],[-0.909,-1.083],[-1.617,0],[-0.725,0.417],[-0.434,0.667],[0,0],[0,0],[0,0]],"o":[[0,0],[0,0.667],[-0.35,0.392],[-0.6,0],[-0.359,-0.391],[0,0],[0,0],[0,0],[0,1.85],[0.908,1.084],[1,0],[0.725,-0.416],[0,0],[0,0],[0,0],[0,0]],"v":[[-32.587,-14.1],[-32.587,-6.625],[-33.112,-5.038],[-34.562,-4.45],[-36,-5.038],[-36.537,-6.625],[-36.537,-14.1],[-42.062,-14.1],[-42.062,-5.925],[-40.7,-1.525],[-36.912,0.1],[-34.325,-0.525],[-32.587,-2.15],[-32.587,0],[-27.037,0],[-27.037,-14.1]],"c":true},"ix":2},"nm":"u","mn":"ADBE Vector Shape - Group","hd":false},{"ty":"fl","c":{"a":0,"k":[1,0.6,0,1],"ix":4},"o":{"a":0,"k":100,"ix":5},"r":1,"bm":0,"nm":"Fill 1","mn":"ADBE Vector Graphic - Fill","hd":false},{"ty":"tr","p":{"a":0,"k":[0,0],"ix":2},"a":{"a":0,"k":[0,0],"ix":1},"s":{"a":0,"k":[100,100],"ix":3},"r":{"a":0,"k":0,"ix":6},"o":{"a":0,"k":100,"ix":7},"sk":{"a":0,"k":0,"ix":4},"sa":{"a":0,"k":0,"ix":5},"nm":"Transform"}],"nm":"u","np":3,"cix":2,"bm":0,"ix":3,"mn":"ADBE Vector Group","hd":false},{"ty":"gr","it":[{"ind":0,"ty":"sh","ix":1,"ks":{"a":0,"k":{"i":[[0.916,0],[0.883,-0.575],[0.508,-1.091],[0,-1.483],[-0.509,-1.091],[-0.884,-0.575],[-1.1,0],[-0.667,0.375],[-0.35,0.65],[0,0],[0.366,-0.334],[0.65,0],[0.15,0.733],[0,0],[-1.325,-1.059],[-2.267,0],[-1.075,0.65],[-0.484,1.083],[0,1.316],[0,0],[0,0],[0,0],[0.666,0.375]],"o":[[-1.1,0],[-0.884,0.575],[-0.509,1.092],[0,1.484],[0.508,1.092],[0.883,0.575],[0.916,0],[0.666,-0.375],[0,0],[0,0.916],[-0.367,0.333],[-1.05,0],[0,0],[0.183,1.816],[1.325,1.058],[1.683,0],[1.075,-0.65],[0.483,-1.084],[0,0],[0,0],[0,0],[-0.35,-0.65],[-0.667,-0.375]],"v":[[-15.212,-14.275],[-18.187,-13.413],[-20.275,-10.913],[-21.037,-7.05],[-20.275,-3.188],[-18.187,-0.688],[-15.212,0.175],[-12.837,-0.387],[-11.312,-1.925],[-11.312,-0.25],[-11.862,1.625],[-13.387,2.125],[-15.187,1.025],[-20.637,1.025],[-18.375,5.337],[-12.987,6.925],[-8.85,5.95],[-6.512,3.35],[-5.787,-0.25],[-5.787,-14.1],[-11.312,-14.1],[-11.312,-12.175],[-12.837,-13.712]],"c":true},"ix":2},"nm":"g","mn":"ADBE Vector Shape - Group","hd":false},{"ind":1,"ty":"sh","ix":2,"ks":{"a":0,"k":{"i":[[0,-0.75],[0.383,-0.416],[0.6,0],[0.383,0.417],[0,0.75],[-0.384,0.417],[-0.6,0],[-0.384,-0.416]],"o":[[0,0.75],[-0.384,0.417],[-0.6,0],[-0.384,-0.416],[0,-0.75],[0.383,-0.416],[0.6,0],[0.383,0.417]],"v":[[-11.312,-7.05],[-11.887,-5.3],[-13.362,-4.675],[-14.837,-5.3],[-15.412,-7.05],[-14.837,-8.8],[-13.362,-9.425],[-11.887,-8.8]],"c":true},"ix":2},"nm":"g","mn":"ADBE Vector Shape - Group","hd":false},{"ty":"mm","mm":1,"nm":"Merge Paths 1","mn":"ADBE Vector Filter - Merge","hd":false},{"ty":"fl","c":{"a":0,"k":[1,1,1,1],"ix":4},"o":{"a":0,"k":100,"ix":5},"r":1,"bm":0,"nm":"Fill 1","mn":"ADBE Vector Graphic - Fill","hd":false},{"ty":"tr","p":{"a":0,"k":[0,0],"ix":2},"a":{"a":0,"k":[0,0],"ix":1},"s":{"a":0,"k":[100,100],"ix":3},"r":{"a":0,"k":0,"ix":6},"o":{"a":0,"k":100,"ix":7},"sk":{"a":0,"k":0,"ix":4},"sa":{"a":0,"k":0,"ix":5},"nm":"Transform"}],"nm":"g","np":5,"cix":2,"bm":0,"ix":4,"mn":"ADBE Vector Group","hd":false},{"ty":"gr","it":[{"ind":0,"ty":"sh","ix":1,"ks":{"a":0,"k":{"i":[[-1.417,0],[-1.134,0.584],[-0.642,1.092],[0,1.467],[0.641,1.092],[1.133,0.584],[1.416,0],[1.133,-0.583],[0.641,-1.091],[0,-1.466],[-0.642,-1.091],[-1.134,-0.583]],"o":[[1.416,0],[1.133,-0.583],[0.641,-1.091],[0,-1.466],[-0.642,-1.091],[-1.134,-0.583],[-1.417,0],[-1.134,0.584],[-0.642,1.092],[0,1.467],[0.641,1.092],[1.133,0.584]],"v":[[3.413,0.175],[7.238,-0.7],[9.9,-3.212],[10.863,-7.05],[9.9,-10.887],[7.238,-13.4],[3.413,-14.275],[-0.412,-13.4],[-3.075,-10.887],[-4.037,-7.05],[-3.075,-3.212],[-0.412,-0.7]],"c":true},"ix":2},"nm":"o","mn":"ADBE Vector Shape - Group","hd":false},{"ind":1,"ty":"sh","ix":2,"ks":{"a":0,"k":{"i":[[0.516,0],[0.341,0.409],[0,0.8],[-0.35,0.409],[-0.517,0],[-0.35,-0.408],[0,-0.8],[0.35,-0.408]],"o":[[-0.534,0],[-0.342,-0.408],[0,-0.8],[0.35,-0.408],[0.516,0],[0.35,0.409],[0,0.8],[-0.35,0.409]],"v":[[3.413,-4.625],[2.1,-5.238],[1.588,-7.05],[2.113,-8.863],[3.413,-9.475],[4.713,-8.863],[5.238,-7.05],[4.713,-5.238]],"c":true},"ix":2},"nm":"o","mn":"ADBE Vector Shape - Group","hd":false},{"ty":"mm","mm":1,"nm":"Merge Paths 1","mn":"ADBE Vector Filter - Merge","hd":false},{"ty":"fl","c":{"a":0,"k":[1,1,1,1],"ix":4},"o":{"a":0,"k":100,"ix":5},"r":1,"bm":0,"nm":"Fill 1","mn":"ADBE Vector Graphic - Fill","hd":false},{"ty":"tr","p":{"a":0,"k":[0,0],"ix":2},"a":{"a":0,"k":[0,0],"ix":1},"s":{"a":0,"k":[100,100],"ix":3},"r":{"a":0,"k":0,"ix":6},"o":{"a":0,"k":100,"ix":7},"sk":{"a":0,"k":0,"ix":4},"sa":{"a":0,"k":0,"ix":5},"nm":"Transform"}],"nm":"o","np":5,"cix":2,"bm":0,"ix":5,"mn":"ADBE Vector Group","hd":false},{"ty":"gr","it":[{"ind":0,"ty":"sh","ix":1,"ks":{"a":0,"k":{"i":[[0,0],[0.158,0.15],[0,0.334],[0,0],[0,0],[0,0],[0,0],[0,0],[0,0],[0,0],[0,0],[0,0],[0,0],[0,0],[-3.867,0],[0,0],[0,0]],"o":[[-0.367,0],[-0.159,-0.15],[0,0],[0,0],[0,0],[0,0],[0,0],[0,0],[0,0],[0,0],[0,0],[0,0],[0,0],[0,3.85],[0,0],[0,0],[0,0]],"v":[[20.063,-4.725],[19.275,-4.95],[19.038,-5.675],[19.038,-9.475],[21.338,-9.475],[21.338,-14.1],[19.038,-14.1],[19.038,-17.5],[13.488,-17.5],[13.488,-14.1],[11.738,-14.1],[11.738,-9.475],[13.488,-9.475],[13.488,-5.775],[19.288,0],[21.388,0],[21.388,-4.725]],"c":true},"ix":2},"nm":"t","mn":"ADBE Vector Shape - Group","hd":false},{"ty":"fl","c":{"a":0,"k":[1,1,1,1],"ix":4},"o":{"a":0,"k":100,"ix":5},"r":1,"bm":0,"nm":"Fill 1","mn":"ADBE Vector Graphic - Fill","hd":false},{"ty":"tr","p":{"a":0,"k":[0,0],"ix":2},"a":{"a":0,"k":[0,0],"ix":1},"s":{"a":0,"k":[100,100],"ix":3},"r":{"a":0,"k":0,"ix":6},"o":{"a":0,"k":100,"ix":7},"sk":{"a":0,"k":0,"ix":4},"sa":{"a":0,"k":0,"ix":5},"nm":"Transform"}],"nm":"t","np":3,"cix":2,"bm":0,"ix":6,"mn":"ADBE Vector Group","hd":false},{"ty":"gr","it":[{"ind":0,"ty":"sh","ix":1,"ks":{"a":0,"k":{"i":[[0,0],[0.158,0.15],[0,0.334],[0,0],[0,0],[0,0],[0,0],[0,0],[0,0],[0,0],[0,0],[0,0],[0,0],[0,0],[-3.867,0],[0,0],[0,0]],"o":[[-0.367,0],[-0.159,-0.15],[0,0],[0,0],[0,0],[0,0],[0,0],[0,0],[0,0],[0,0],[0,0],[0,0],[0,0],[0,3.85],[0,0],[0,0],[0,0]],"v":[[35.213,-4.725],[34.425,-4.95],[34.188,-5.675],[34.188,-9.475],[36.488,-9.475],[36.488,-14.1],[34.188,-14.1],[34.188,-17.5],[28.638,-17.5],[28.638,-14.1],[26.888,-14.1],[26.888,-9.475],[28.638,-9.475],[28.638,-5.775],[34.438,0],[36.538,0],[36.538,-4.725]],"c":true},"ix":2},"nm":"t","mn":"ADBE Vector Shape - Group","hd":false},{"ty":"fl","c":{"a":0,"k":[1,1,1,1],"ix":4},"o":{"a":0,"k":100,"ix":5},"r":1,"bm":0,"nm":"Fill 1","mn":"ADBE Vector Graphic - Fill","hd":false},{"ty":"tr","p":{"a":0,"k":[0,0],"ix":2},"a":{"a":0,"k":[0,0],"ix":1},"s":{"a":0,"k":[100,100],"ix":3},"r":{"a":0,"k":0,"ix":6},"o":{"a":0,"k":100,"ix":7},"sk":{"a":0,"k":0,"ix":4},"sa":{"a":0,"k":0,"ix":5},"nm":"Transform"}],"nm":"t","np":3,"cix":2,"bm":0,"ix":7,"mn":"ADBE Vector Group","hd":false},{"ty":"gr","it":[{"ind":0,"ty":"sh","ix":1,"ks":{"a":0,"k":{"i":[[1.616,0],[0.725,-0.416],[0.433,-0.666],[0,0],[0,0],[0,0],[0,0],[0,0],[-0.35,0.392],[-0.617,0],[-0.359,-0.391],[0,-0.666],[0,0],[0,0],[0,0],[0.908,1.084]],"o":[[-1,0],[-0.725,0.417],[0,0],[0,0],[0,0],[0,0],[0,0],[0,-0.666],[0.35,-0.391],[0.6,0],[0.358,0.392],[0,0],[0,0],[0,0],[0,-1.85],[-0.909,-1.083]],"v":[[48.538,-14.2],[45.95,-13.575],[44.213,-11.95],[44.213,-18.5],[38.663,-18.5],[38.663,0],[44.213,0],[44.213,-7.475],[44.738,-9.062],[46.188,-9.65],[47.625,-9.062],[48.163,-7.475],[48.163,0],[53.688,0],[53.688,-8.175],[52.325,-12.575]],"c":true},"ix":2},"nm":"h","mn":"ADBE Vector Shape - Group","hd":false},{"ty":"fl","c":{"a":0,"k":[1,1,1,1],"ix":4},"o":{"a":0,"k":100,"ix":5},"r":1,"bm":0,"nm":"Fill 1","mn":"ADBE Vector Graphic - Fill","hd":false},{"ty":"tr","p":{"a":0,"k":[0,0],"ix":2},"a":{"a":0,"k":[0,0],"ix":1},"s":{"a":0,"k":[100,100],"ix":3},"r":{"a":0,"k":0,"ix":6},"o":{"a":0,"k":100,"ix":7},"sk":{"a":0,"k":0,"ix":4},"sa":{"a":0,"k":0,"ix":5},"nm":"Transform"}],"nm":"h","np":3,"cix":2,"bm":0,"ix":8,"mn":"ADBE Vector Group","hd":false},{"ty":"gr","it":[{"ind":0,"ty":"sh","ix":1,"ks":{"a":0,"k":{"i":[[-0.967,0],[-0.584,0.517],[0,0.784],[0.583,0.525],[0.95,0],[0.583,-0.525],[0,-0.8],[-0.584,-0.516]],"o":[[0.95,0],[0.583,-0.516],[0,-0.8],[-0.584,-0.525],[-0.967,0],[-0.584,0.525],[0,0.784],[0.583,0.517]],"v":[[58.888,-15.225],[61.188,-16],[62.063,-17.95],[61.188,-19.938],[58.888,-20.725],[56.563,-19.938],[55.688,-17.95],[56.563,-16]],"c":true},"ix":2},"nm":"i","mn":"ADBE Vector Shape - Group","hd":false},{"ind":1,"ty":"sh","ix":2,"ks":{"a":0,"k":{"i":[[0,0],[0,0],[0,0],[0,0]],"o":[[0,0],[0,0],[0,0],[0,0]],"v":[[56.088,-14.1],[56.088,0],[61.638,0],[61.638,-14.1]],"c":true},"ix":2},"nm":"i","mn":"ADBE Vector Shape - Group","hd":false},{"ty":"mm","mm":1,"nm":"Merge Paths 1","mn":"ADBE Vector Filter - Merge","hd":false},{"ty":"fl","c":{"a":0,"k":[1,1,1,1],"ix":4},"o":{"a":0,"k":100,"ix":5},"r":1,"bm":0,"nm":"Fill 1","mn":"ADBE Vector Graphic - Fill","hd":false},{"ty":"tr","p":{"a":0,"k":[0,0],"ix":2},"a":{"a":0,"k":[0,0],"ix":1},"s":{"a":0,"k":[100,100],"ix":3},"r":{"a":0,"k":0,"ix":6},"o":{"a":0,"k":100,"ix":7},"sk":{"a":0,"k":0,"ix":4},"sa":{"a":0,"k":0,"ix":5},"nm":"Transform"}],"nm":"i","np":5,"cix":2,"bm":0,"ix":9,"mn":"ADBE Vector Group","hd":false},{"ty":"gr","it":[{"ind":0,"ty":"sh","ix":1,"ks":{"a":0,"k":{"i":[[-1.334,0],[-0.909,0.384],[-0.484,0.667],[0,0.834],[0.516,0.609],[0.7,0.25],[1.016,0.2],[0.35,0.142],[0,0.284],[-0.15,0.109],[-0.284,0],[-0.267,-0.208],[-0.084,-0.383],[0,0],[1.075,0.934],[1.9,0],[0.9,-0.408],[0.458,-0.708],[0,-0.866],[-0.492,-0.566],[-0.659,-0.233],[-1.017,-0.2],[-0.35,-0.133],[0,-0.316],[0.166,-0.125],[0.283,0],[0.291,0.2],[0.066,0.417],[0,0],[-0.6,-0.766],[-1.025,-0.433]],"o":[[1.216,0],[0.908,-0.383],[0.483,-0.666],[0,-1.066],[-0.517,-0.608],[-0.7,-0.25],[-0.767,-0.15],[-0.35,-0.141],[0,-0.216],[0.15,-0.108],[0.45,0],[0.266,0.209],[0,0],[-0.217,-1.5],[-1.075,-0.933],[-1.284,0],[-0.9,0.409],[-0.459,0.709],[0,1],[0.491,0.567],[0.658,0.234],[0.833,0.167],[0.35,0.134],[0,0.184],[-0.167,0.125],[-0.45,0],[-0.292,-0.2],[0,0],[0.083,0.967],[0.6,0.767],[1.025,0.434]],"v":[[70.413,0.175],[73.6,-0.4],[75.688,-1.975],[76.413,-4.225],[75.638,-6.738],[73.813,-8.025],[71.238,-8.7],[69.563,-9.137],[69.038,-9.775],[69.263,-10.262],[69.913,-10.425],[70.988,-10.113],[71.513,-9.225],[76.438,-9.225],[74.5,-12.875],[70.038,-14.275],[66.763,-13.663],[64.725,-11.988],[64.038,-9.625],[64.775,-7.275],[66.5,-6.075],[69.013,-5.425],[70.788,-4.975],[71.313,-4.3],[71.063,-3.837],[70.388,-3.65],[69.275,-3.95],[68.738,-4.875],[63.413,-4.875],[64.438,-2.275],[66.875,-0.475]],"c":true},"ix":2},"nm":"s","mn":"ADBE Vector Shape - Group","hd":false},{"ty":"fl","c":{"a":0,"k":[1,1,1,1],"ix":4},"o":{"a":0,"k":100,"ix":5},"r":1,"bm":0,"nm":"Fill 1","mn":"ADBE Vector Graphic - Fill","hd":false},{"ty":"tr","p":{"a":0,"k":[0,0],"ix":2},"a":{"a":0,"k":[0,0],"ix":1},"s":{"a":0,"k":[100,100],"ix":3},"r":{"a":0,"k":0,"ix":6},"o":{"a":0,"k":100,"ix":7},"sk":{"a":0,"k":0,"ix":4},"sa":{"a":0,"k":0,"ix":5},"nm":"Transform"}],"nm":"s","np":3,"cix":2,"bm":0,"ix":10,"mn":"ADBE Vector Group","hd":false}],"ip":930,"op":1171,"st":930,"ct":1,"bm":0},{"ddd":0,"ind":7,"ty":4,"nm":"Tap to Swift 2 Outlines","sr":1,"ks":{"o":{"a":1,"k":[{"i":{"x":[0],"y":[1]},"o":{"x":[0.05],"y":[0]},"t":540,"s":[0]},{"i":{"x":[0],"y":[1]},"o":{"x":[0.05],"y":[0]},"t":570,"s":[100]},{"i":{"x":[0],"y":[1]},"o":{"x":[0.05],"y":[0]},"t":930,"s":[100]},{"t":949,"s":[0]}],"ix":11},"r":{"a":0,"k":0,"ix":10},"p":{"a":1,"k":[{"i":{"x":0,"y":1},"o":{"x":0.05,"y":0},"t":540,"s":[225,160,0],"to":[0,0,0],"ti":[0,0,0]},{"i":{"x":0,"y":0},"o":{"x":0.05,"y":0.05},"t":570,"s":[225,100,0],"to":[0,0,0],"ti":[0,0,0]},{"i":{"x":0,"y":1},"o":{"x":0.05,"y":0},"t":930,"s":[225,100,0],"to":[0,0,0],"ti":[0,0,0]},{"t":960,"s":[225,40,0]}],"ix":2,"l":2},"a":{"a":0,"k":[-0.25,-6.9,0],"ix":1,"l":2},"s":{"a":0,"k":[215.691,215.691,100],"ix":6,"l":2}},"ao":0,"shapes":[{"ty":"gr","it":[{"ind":0,"ty":"sh","ix":1,"ks":{"a":0,"k":{"i":[[0,0],[0,0],[0,0],[0,0],[0,0],[0,0],[0,0],[0,0]],"o":[[0,0],[0,0],[0,0],[0,0],[0,0],[0,0],[0,0],[0,0]],"v":[[-75.487,-17.7],[-75.487,-13.3],[-70.837,-13.3],[-70.837,0],[-65.287,0],[-65.287,-13.3],[-60.587,-13.3],[-60.587,-17.7]],"c":true},"ix":2},"nm":"T","mn":"ADBE Vector Shape - Group","hd":false},{"ty":"fl","c":{"a":0,"k":[1,1,1,1],"ix":4},"o":{"a":0,"k":100,"ix":5},"r":1,"bm":0,"nm":"Fill 1","mn":"ADBE Vector Graphic - Fill","hd":false},{"ty":"tr","p":{"a":0,"k":[0,0],"ix":2},"a":{"a":0,"k":[0,0],"ix":1},"s":{"a":0,"k":[100,100],"ix":3},"r":{"a":0,"k":0,"ix":6},"o":{"a":0,"k":100,"ix":7},"sk":{"a":0,"k":0,"ix":4},"sa":{"a":0,"k":0,"ix":5},"nm":"Transform"}],"nm":"T","np":3,"cix":2,"bm":0,"ix":1,"mn":"ADBE Vector Group","hd":false},{"ty":"gr","it":[{"ind":0,"ty":"sh","ix":1,"ks":{"a":0,"k":{"i":[[0,-1.483],[-0.509,-1.091],[-0.884,-0.575],[-1.1,0],[-0.667,0.375],[-0.35,0.65],[0,0],[0,0],[0,0],[0,0],[0,0],[0.666,0.375],[0.916,0],[0.883,-0.575],[0.508,-1.091]],"o":[[0,1.484],[0.508,1.092],[0.883,0.575],[0.916,0],[0.666,-0.375],[0,0],[0,0],[0,0],[0,0],[0,0],[-0.35,-0.65],[-0.667,-0.375],[-1.1,0],[-0.884,0.575],[-0.509,1.092]],"v":[[-59.837,-7.05],[-59.075,-3.188],[-56.987,-0.688],[-54.012,0.175],[-51.637,-0.387],[-50.112,-1.925],[-50.112,0],[-44.587,0],[-44.587,-14.1],[-50.112,-14.1],[-50.112,-12.175],[-51.637,-13.712],[-54.012,-14.275],[-56.987,-13.413],[-59.075,-10.913]],"c":true},"ix":2},"nm":"a","mn":"ADBE Vector Shape - Group","hd":false},{"ind":1,"ty":"sh","ix":2,"ks":{"a":0,"k":{"i":[[0,-0.75],[0.383,-0.416],[0.6,0],[0.383,0.417],[0,0.75],[-0.384,0.417],[-0.6,0],[-0.384,-0.416]],"o":[[0,0.75],[-0.384,0.417],[-0.6,0],[-0.384,-0.416],[0,-0.75],[0.383,-0.416],[0.6,0],[0.383,0.417]],"v":[[-50.112,-7.05],[-50.687,-5.3],[-52.162,-4.675],[-53.637,-5.3],[-54.212,-7.05],[-53.637,-8.8],[-52.162,-9.425],[-50.687,-8.8]],"c":true},"ix":2},"nm":"a","mn":"ADBE Vector Shape - Group","hd":false},{"ty":"mm","mm":1,"nm":"Merge Paths 1","mn":"ADBE Vector Filter - Merge","hd":false},{"ty":"fl","c":{"a":0,"k":[1,1,1,1],"ix":4},"o":{"a":0,"k":100,"ix":5},"r":1,"bm":0,"nm":"Fill 1","mn":"ADBE Vector Graphic - Fill","hd":false},{"ty":"tr","p":{"a":0,"k":[0,0],"ix":2},"a":{"a":0,"k":[0,0],"ix":1},"s":{"a":0,"k":[100,100],"ix":3},"r":{"a":0,"k":0,"ix":6},"o":{"a":0,"k":100,"ix":7},"sk":{"a":0,"k":0,"ix":4},"sa":{"a":0,"k":0,"ix":5},"nm":"Transform"}],"nm":"a","np":5,"cix":2,"bm":0,"ix":2,"mn":"ADBE Vector Group","hd":false},{"ty":"gr","it":[{"ind":0,"ty":"sh","ix":1,"ks":{"a":0,"k":{"i":[[0.35,-0.65],[0,0],[0,0],[0,0],[0,0],[0,0],[-0.659,-0.375],[-0.917,0],[-0.884,0.575],[-0.509,1.092],[0,1.484],[0.508,1.092],[0.883,0.575],[1.1,0],[0.658,-0.375]],"o":[[0,0],[0,0],[0,0],[0,0],[0,0],[0.35,0.65],[0.658,0.375],[1.1,0],[0.883,-0.575],[0.508,-1.091],[0,-1.483],[-0.509,-1.091],[-0.884,-0.575],[-0.917,0],[-0.659,0.375]],"v":[[-36.537,-12.175],[-36.537,-14.1],[-42.087,-14.1],[-42.087,6.75],[-36.537,6.75],[-36.537,-1.925],[-35.025,-0.387],[-32.662,0.175],[-29.687,-0.688],[-27.6,-3.188],[-26.837,-7.05],[-27.6,-10.913],[-29.687,-13.413],[-32.662,-14.275],[-35.025,-13.712]],"c":true},"ix":2},"nm":"p","mn":"ADBE Vector Shape - Group","hd":false},{"ind":1,"ty":"sh","ix":2,"ks":{"a":0,"k":{"i":[[0,-0.75],[0.383,-0.416],[0.6,0],[0.383,0.417],[0,0.75],[-0.384,0.417],[-0.6,0],[-0.384,-0.416]],"o":[[0,0.75],[-0.384,0.417],[-0.6,0],[-0.384,-0.416],[0,-0.75],[0.383,-0.416],[0.6,0],[0.383,0.417]],"v":[[-32.462,-7.05],[-33.037,-5.3],[-34.512,-4.675],[-35.987,-5.3],[-36.562,-7.05],[-35.987,-8.8],[-34.512,-9.425],[-33.037,-8.8]],"c":true},"ix":2},"nm":"p","mn":"ADBE Vector Shape - Group","hd":false},{"ty":"mm","mm":1,"nm":"Merge Paths 1","mn":"ADBE Vector Filter - Merge","hd":false},{"ty":"fl","c":{"a":0,"k":[1,1,1,1],"ix":4},"o":{"a":0,"k":100,"ix":5},"r":1,"bm":0,"nm":"Fill 1","mn":"ADBE Vector Graphic - Fill","hd":false},{"ty":"tr","p":{"a":0,"k":[0,0],"ix":2},"a":{"a":0,"k":[0,0],"ix":1},"s":{"a":0,"k":[100,100],"ix":3},"r":{"a":0,"k":0,"ix":6},"o":{"a":0,"k":100,"ix":7},"sk":{"a":0,"k":0,"ix":4},"sa":{"a":0,"k":0,"ix":5},"nm":"Transform"}],"nm":"p","np":5,"cix":2,"bm":0,"ix":3,"mn":"ADBE Vector Group","hd":false},{"ty":"gr","it":[{"ind":0,"ty":"sh","ix":1,"ks":{"a":0,"k":{"i":[[0,0],[0.158,0.15],[0,0.334],[0,0],[0,0],[0,0],[0,0],[0,0],[0,0],[0,0],[0,0],[0,0],[0,0],[0,0],[-3.867,0],[0,0],[0,0]],"o":[[-0.367,0],[-0.159,-0.15],[0,0],[0,0],[0,0],[0,0],[0,0],[0,0],[0,0],[0,0],[0,0],[0,0],[0,0],[0,3.85],[0,0],[0,0],[0,0]],"v":[[-13.387,-4.725],[-14.175,-4.95],[-14.412,-5.675],[-14.412,-9.475],[-12.112,-9.475],[-12.112,-14.1],[-14.412,-14.1],[-14.412,-17.5],[-19.962,-17.5],[-19.962,-14.1],[-21.712,-14.1],[-21.712,-9.475],[-19.962,-9.475],[-19.962,-5.775],[-14.162,0],[-12.062,0],[-12.062,-4.725]],"c":true},"ix":2},"nm":"t","mn":"ADBE Vector Shape - Group","hd":false},{"ty":"fl","c":{"a":0,"k":[1,1,1,1],"ix":4},"o":{"a":0,"k":100,"ix":5},"r":1,"bm":0,"nm":"Fill 1","mn":"ADBE Vector Graphic - Fill","hd":false},{"ty":"tr","p":{"a":0,"k":[0,0],"ix":2},"a":{"a":0,"k":[0,0],"ix":1},"s":{"a":0,"k":[100,100],"ix":3},"r":{"a":0,"k":0,"ix":6},"o":{"a":0,"k":100,"ix":7},"sk":{"a":0,"k":0,"ix":4},"sa":{"a":0,"k":0,"ix":5},"nm":"Transform"}],"nm":"t","np":3,"cix":2,"bm":0,"ix":4,"mn":"ADBE Vector Group","hd":false},{"ty":"gr","it":[{"ind":0,"ty":"sh","ix":1,"ks":{"a":0,"k":{"i":[[-1.417,0],[-1.134,0.584],[-0.642,1.092],[0,1.467],[0.641,1.092],[1.133,0.584],[1.416,0],[1.133,-0.583],[0.641,-1.091],[0,-1.466],[-0.642,-1.091],[-1.134,-0.583]],"o":[[1.416,0],[1.133,-0.583],[0.641,-1.091],[0,-1.466],[-0.642,-1.091],[-1.134,-0.583],[-1.417,0],[-1.134,0.584],[-0.642,1.092],[0,1.467],[0.641,1.092],[1.133,0.584]],"v":[[-3.237,0.175],[0.588,-0.7],[3.25,-3.212],[4.213,-7.05],[3.25,-10.887],[0.588,-13.4],[-3.237,-14.275],[-7.062,-13.4],[-9.725,-10.887],[-10.687,-7.05],[-9.725,-3.212],[-7.062,-0.7]],"c":true},"ix":2},"nm":"o","mn":"ADBE Vector Shape - Group","hd":false},{"ind":1,"ty":"sh","ix":2,"ks":{"a":0,"k":{"i":[[0.516,0],[0.341,0.409],[0,0.8],[-0.35,0.409],[-0.517,0],[-0.35,-0.408],[0,-0.8],[0.35,-0.408]],"o":[[-0.534,0],[-0.342,-0.408],[0,-0.8],[0.35,-0.408],[0.516,0],[0.35,0.409],[0,0.8],[-0.35,0.409]],"v":[[-3.237,-4.625],[-4.55,-5.238],[-5.062,-7.05],[-4.537,-8.863],[-3.237,-9.475],[-1.937,-8.863],[-1.412,-7.05],[-1.937,-5.238]],"c":true},"ix":2},"nm":"o","mn":"ADBE Vector Shape - Group","hd":false},{"ty":"mm","mm":1,"nm":"Merge Paths 1","mn":"ADBE Vector Filter - Merge","hd":false},{"ty":"fl","c":{"a":0,"k":[1,1,1,1],"ix":4},"o":{"a":0,"k":100,"ix":5},"r":1,"bm":0,"nm":"Fill 1","mn":"ADBE Vector Graphic - Fill","hd":false},{"ty":"tr","p":{"a":0,"k":[0,0],"ix":2},"a":{"a":0,"k":[0,0],"ix":1},"s":{"a":0,"k":[100,100],"ix":3},"r":{"a":0,"k":0,"ix":6},"o":{"a":0,"k":100,"ix":7},"sk":{"a":0,"k":0,"ix":4},"sa":{"a":0,"k":0,"ix":5},"nm":"Transform"}],"nm":"o","np":5,"cix":2,"bm":0,"ix":5,"mn":"ADBE Vector Group","hd":false},{"ty":"gr","it":[{"ind":0,"ty":"sh","ix":1,"ks":{"a":0,"k":{"i":[[-2.117,0],[-1.017,0.484],[-0.534,0.859],[0,1.084],[0.533,0.684],[0.725,0.384],[1.116,0.417],[0.441,0.259],[0,0.4],[-0.15,0.159],[-0.234,0],[-0.234,-0.216],[-0.017,-0.5],[0,0],[1.275,1],[2.166,0],[1.025,-0.416],[0.591,-0.808],[0,-1.15],[-0.534,-0.733],[-0.742,-0.383],[-1.134,-0.4],[-0.45,-0.258],[0,-0.416],[0.208,-0.141],[0.3,0],[0.083,1.017],[0,0],[-1.375,-0.991]],"o":[[1.4,0],[1.016,-0.483],[0.533,-0.858],[0,-1.033],[-0.534,-0.683],[-0.725,-0.383],[-0.967,-0.366],[-0.442,-0.258],[0,-0.283],[0.15,-0.158],[0.333,0],[0.233,0.217],[0,0],[-0.067,-1.816],[-1.275,-1],[-1.284,0],[-1.025,0.417],[-0.592,0.809],[-0.017,1.15],[0.533,0.734],[0.741,0.384],[0.95,0.334],[0.45,0.259],[0,0.3],[-0.209,0.142],[-0.817,0],[0,0],[0.116,1.917],[1.375,0.992]],"v":[[17.138,0.175],[20.763,-0.55],[23.088,-2.562],[23.888,-5.475],[23.088,-8.05],[21.2,-9.65],[18.438,-10.85],[16.325,-11.788],[15.663,-12.775],[15.888,-13.438],[16.463,-13.675],[17.313,-13.35],[17.688,-12.275],[23.663,-12.275],[21.65,-16.5],[16.488,-18],[13.025,-17.375],[10.6,-15.538],[9.713,-12.6],[10.488,-9.775],[12.4,-8.1],[15.213,-6.925],[17.313,-6.038],[17.988,-5.025],[17.675,-4.363],[16.913,-4.15],[15.563,-5.675],[9.663,-5.675],[11.9,-1.312]],"c":true},"ix":2},"nm":"S","mn":"ADBE Vector Shape - Group","hd":false},{"ty":"fl","c":{"a":0,"k":[1,1,1,1],"ix":4},"o":{"a":0,"k":100,"ix":5},"r":1,"bm":0,"nm":"Fill 1","mn":"ADBE Vector Graphic - Fill","hd":false},{"ty":"tr","p":{"a":0,"k":[0,0],"ix":2},"a":{"a":0,"k":[0,0],"ix":1},"s":{"a":0,"k":[100,100],"ix":3},"r":{"a":0,"k":0,"ix":6},"o":{"a":0,"k":100,"ix":7},"sk":{"a":0,"k":0,"ix":4},"sa":{"a":0,"k":0,"ix":5},"nm":"Transform"}],"nm":"S","np":3,"cix":2,"bm":0,"ix":6,"mn":"ADBE Vector Group","hd":false},{"ty":"gr","it":[{"ind":0,"ty":"sh","ix":1,"ks":{"a":0,"k":{"i":[[0,0],[0,0],[0,0],[0,0],[0,0],[0,0],[0,0],[0,0],[0,0],[0,0],[0,0],[0,0],[0,0]],"o":[[0,0],[0,0],[0,0],[0,0],[0,0],[0,0],[0,0],[0,0],[0,0],[0,0],[0,0],[0,0],[0,0]],"v":[[42.113,-14.1],[40.913,-5.425],[38.988,-14.1],[33.063,-14.1],[31.238,-5.525],[30.063,-14.1],[24.563,-14.1],[27.888,0],[34.138,0],[35.938,-7.95],[37.638,0],[43.888,0],[47.238,-14.1]],"c":true},"ix":2},"nm":"w","mn":"ADBE Vector Shape - Group","hd":false},{"ty":"fl","c":{"a":0,"k":[1,1,1,1],"ix":4},"o":{"a":0,"k":100,"ix":5},"r":1,"bm":0,"nm":"Fill 1","mn":"ADBE Vector Graphic - Fill","hd":false},{"ty":"tr","p":{"a":0,"k":[0,0],"ix":2},"a":{"a":0,"k":[0,0],"ix":1},"s":{"a":0,"k":[100,100],"ix":3},"r":{"a":0,"k":0,"ix":6},"o":{"a":0,"k":100,"ix":7},"sk":{"a":0,"k":0,"ix":4},"sa":{"a":0,"k":0,"ix":5},"nm":"Transform"}],"nm":"w","np":3,"cix":2,"bm":0,"ix":7,"mn":"ADBE Vector Group","hd":false},{"ty":"gr","it":[{"ind":0,"ty":"sh","ix":1,"ks":{"a":0,"k":{"i":[[-0.967,0],[-0.584,0.517],[0,0.784],[0.583,0.525],[0.95,0],[0.583,-0.525],[0,-0.8],[-0.584,-0.516]],"o":[[0.95,0],[0.583,-0.516],[0,-0.8],[-0.584,-0.525],[-0.967,0],[-0.584,0.525],[0,0.784],[0.583,0.517]],"v":[[51.213,-15.225],[53.513,-16],[54.388,-17.95],[53.513,-19.938],[51.213,-20.725],[48.888,-19.938],[48.013,-17.95],[48.888,-16]],"c":true},"ix":2},"nm":"i","mn":"ADBE Vector Shape - Group","hd":false},{"ind":1,"ty":"sh","ix":2,"ks":{"a":0,"k":{"i":[[0,0],[0,0],[0,0],[0,0]],"o":[[0,0],[0,0],[0,0],[0,0]],"v":[[48.413,-14.1],[48.413,0],[53.963,0],[53.963,-14.1]],"c":true},"ix":2},"nm":"i","mn":"ADBE Vector Shape - Group","hd":false},{"ty":"mm","mm":1,"nm":"Merge Paths 1","mn":"ADBE Vector Filter - Merge","hd":false},{"ty":"fl","c":{"a":0,"k":[1,1,1,1],"ix":4},"o":{"a":0,"k":100,"ix":5},"r":1,"bm":0,"nm":"Fill 1","mn":"ADBE Vector Graphic - Fill","hd":false},{"ty":"tr","p":{"a":0,"k":[0,0],"ix":2},"a":{"a":0,"k":[0,0],"ix":1},"s":{"a":0,"k":[100,100],"ix":3},"r":{"a":0,"k":0,"ix":6},"o":{"a":0,"k":100,"ix":7},"sk":{"a":0,"k":0,"ix":4},"sa":{"a":0,"k":0,"ix":5},"nm":"Transform"}],"nm":"i","np":5,"cix":2,"bm":0,"ix":8,"mn":"ADBE Vector Group","hd":false},{"ty":"gr","it":[{"ind":0,"ty":"sh","ix":1,"ks":{"a":0,"k":{"i":[[-0.3,-0.033],[0,0],[0.233,0],[1.125,-1.008],[0.033,-1.833],[0,0],[0,0],[0,0],[0,0],[0,0],[0,0],[0,0],[0,0],[0,0],[-0.217,0.159],[-0.417,0]],"o":[[0,0],[-0.534,-0.033],[-2.034,0],[-1.125,1.009],[0,0],[0,0],[0,0],[0,0],[0,0],[0,0],[0,0],[0,0],[0,0],[0.083,-0.383],[0.216,-0.158],[0.116,0]],"v":[[64.588,-15.1],[64.588,-19.825],[63.438,-19.875],[58.7,-18.363],[56.963,-14.1],[55.463,-14.1],[55.463,-9.475],[56.963,-9.475],[56.963,0],[62.513,0],[62.513,-9.475],[64.588,-9.475],[64.588,-14.1],[62.563,-14.1],[63.013,-14.913],[63.963,-15.15]],"c":true},"ix":2},"nm":"f","mn":"ADBE Vector Shape - Group","hd":false},{"ty":"fl","c":{"a":0,"k":[1,1,1,1],"ix":4},"o":{"a":0,"k":100,"ix":5},"r":1,"bm":0,"nm":"Fill 1","mn":"ADBE Vector Graphic - Fill","hd":false},{"ty":"tr","p":{"a":0,"k":[0,0],"ix":2},"a":{"a":0,"k":[0,0],"ix":1},"s":{"a":0,"k":[100,100],"ix":3},"r":{"a":0,"k":0,"ix":6},"o":{"a":0,"k":100,"ix":7},"sk":{"a":0,"k":0,"ix":4},"sa":{"a":0,"k":0,"ix":5},"nm":"Transform"}],"nm":"f","np":3,"cix":2,"bm":0,"ix":9,"mn":"ADBE Vector Group","hd":false},{"ty":"gr","it":[{"ind":0,"ty":"sh","ix":1,"ks":{"a":0,"k":{"i":[[0,0],[0.158,0.15],[0,0.334],[0,0],[0,0],[0,0],[0,0],[0,0],[0,0],[0,0],[0,0],[0,0],[0,0],[0,0],[-3.867,0],[0,0],[0,0]],"o":[[-0.367,0],[-0.159,-0.15],[0,0],[0,0],[0,0],[0,0],[0,0],[0,0],[0,0],[0,0],[0,0],[0,0],[0,0],[0,3.85],[0,0],[0,0],[0,0]],"v":[[73.538,-4.725],[72.75,-4.95],[72.513,-5.675],[72.513,-9.475],[74.813,-9.475],[74.813,-14.1],[72.513,-14.1],[72.513,-17.5],[66.963,-17.5],[66.963,-14.1],[65.213,-14.1],[65.213,-9.475],[66.963,-9.475],[66.963,-5.775],[72.763,0],[74.863,0],[74.863,-4.725]],"c":true},"ix":2},"nm":"t","mn":"ADBE Vector Shape - Group","hd":false},{"ty":"fl","c":{"a":0,"k":[1,1,1,1],"ix":4},"o":{"a":0,"k":100,"ix":5},"r":1,"bm":0,"nm":"Fill 1","mn":"ADBE Vector Graphic - Fill","hd":false},{"ty":"tr","p":{"a":0,"k":[0,0],"ix":2},"a":{"a":0,"k":[0,0],"ix":1},"s":{"a":0,"k":[100,100],"ix":3},"r":{"a":0,"k":0,"ix":6},"o":{"a":0,"k":100,"ix":7},"sk":{"a":0,"k":0,"ix":4},"sa":{"a":0,"k":0,"ix":5},"nm":"Transform"}],"nm":"t","np":3,"cix":2,"bm":0,"ix":10,"mn":"ADBE Vector Group","hd":false}],"ip":540,"op":961,"st":540,"ct":1,"bm":0},{"ddd":0,"ind":9,"ty":4,"nm":"Hold for menu Outlines","sr":1,"ks":{"o":{"a":1,"k":[{"i":{"x":[0],"y":[1]},"o":{"x":[0.05],"y":[0]},"t":330,"s":[0]},{"i":{"x":[0],"y":[1]},"o":{"x":[0.05],"y":[0]},"t":360,"s":[100]},{"i":{"x":[0],"y":[1]},"o":{"x":[0.05],"y":[0]},"t":540,"s":[100]},{"t":559,"s":[0]}],"ix":11},"r":{"a":0,"k":0,"ix":10},"p":{"a":1,"k":[{"i":{"x":0,"y":1},"o":{"x":0.05,"y":0},"t":330,"s":[225,160,0],"to":[0,0,0],"ti":[0,0,0]},{"i":{"x":0,"y":0},"o":{"x":0.05,"y":0.05},"t":360,"s":[225,100,0],"to":[0,0,0],"ti":[0,0,0]},{"i":{"x":0,"y":1},"o":{"x":0.05,"y":0},"t":540,"s":[225,100,0],"to":[0,0,0],"ti":[0,0,0]},{"t":570,"s":[225,40,0]}],"ix":2,"l":2},"a":{"a":0,"k":[-0.25,-6.9,0],"ix":1,"l":2},"s":{"a":0,"k":[215.691,215.691,100],"ix":6,"l":2}},"ao":0,"shapes":[{"ty":"gr","it":[{"ind":0,"ty":"sh","ix":1,"ks":{"a":0,"k":{"i":[[0,0],[0,0],[0,0],[0,0],[0,0],[0,0],[0,0],[0,0],[0,0],[0,0],[0,0],[0,0]],"o":[[0,0],[0,0],[0,0],[0,0],[0,0],[0,0],[0,0],[0,0],[0,0],[0,0],[0,0],[0,0]],"v":[[-79.262,-17.7],[-79.262,-11.325],[-84.537,-11.325],[-84.537,-17.7],[-90.087,-17.7],[-90.087,0],[-84.537,0],[-84.537,-6.9],[-79.262,-6.9],[-79.262,0],[-73.712,0],[-73.712,-17.7]],"c":true},"ix":2},"nm":"H","mn":"ADBE Vector Shape - Group","hd":false},{"ty":"fl","c":{"a":0,"k":[1,1,1,1],"ix":4},"o":{"a":0,"k":100,"ix":5},"r":1,"bm":0,"nm":"Fill 1","mn":"ADBE Vector Graphic - Fill","hd":false},{"ty":"tr","p":{"a":0,"k":[0,0],"ix":2},"a":{"a":0,"k":[0,0],"ix":1},"s":{"a":0,"k":[100,100],"ix":3},"r":{"a":0,"k":0,"ix":6},"o":{"a":0,"k":100,"ix":7},"sk":{"a":0,"k":0,"ix":4},"sa":{"a":0,"k":0,"ix":5},"nm":"Transform"}],"nm":"H","np":3,"cix":2,"bm":0,"ix":1,"mn":"ADBE Vector Group","hd":false},{"ty":"gr","it":[{"ind":0,"ty":"sh","ix":1,"ks":{"a":0,"k":{"i":[[-1.417,0],[-1.134,0.584],[-0.642,1.092],[0,1.467],[0.641,1.092],[1.133,0.584],[1.416,0],[1.133,-0.583],[0.641,-1.091],[0,-1.466],[-0.642,-1.091],[-1.134,-0.583]],"o":[[1.416,0],[1.133,-0.583],[0.641,-1.091],[0,-1.466],[-0.642,-1.091],[-1.134,-0.583],[-1.417,0],[-1.134,0.584],[-0.642,1.092],[0,1.467],[0.641,1.092],[1.133,0.584]],"v":[[-64.512,0.175],[-60.687,-0.7],[-58.025,-3.212],[-57.062,-7.05],[-58.025,-10.887],[-60.687,-13.4],[-64.512,-14.275],[-68.337,-13.4],[-71,-10.887],[-71.962,-7.05],[-71,-3.212],[-68.337,-0.7]],"c":true},"ix":2},"nm":"o","mn":"ADBE Vector Shape - Group","hd":false},{"ind":1,"ty":"sh","ix":2,"ks":{"a":0,"k":{"i":[[0.516,0],[0.341,0.409],[0,0.8],[-0.35,0.409],[-0.517,0],[-0.35,-0.408],[0,-0.8],[0.35,-0.408]],"o":[[-0.534,0],[-0.342,-0.408],[0,-0.8],[0.35,-0.408],[0.516,0],[0.35,0.409],[0,0.8],[-0.35,0.409]],"v":[[-64.512,-4.625],[-65.825,-5.238],[-66.337,-7.05],[-65.812,-8.863],[-64.512,-9.475],[-63.212,-8.863],[-62.687,-7.05],[-63.212,-5.238]],"c":true},"ix":2},"nm":"o","mn":"ADBE Vector Shape - Group","hd":false},{"ty":"mm","mm":1,"nm":"Merge Paths 1","mn":"ADBE Vector Filter - Merge","hd":false},{"ty":"fl","c":{"a":0,"k":[1,1,1,1],"ix":4},"o":{"a":0,"k":100,"ix":5},"r":1,"bm":0,"nm":"Fill 1","mn":"ADBE Vector Graphic - Fill","hd":false},{"ty":"tr","p":{"a":0,"k":[0,0],"ix":2},"a":{"a":0,"k":[0,0],"ix":1},"s":{"a":0,"k":[100,100],"ix":3},"r":{"a":0,"k":0,"ix":6},"o":{"a":0,"k":100,"ix":7},"sk":{"a":0,"k":0,"ix":4},"sa":{"a":0,"k":0,"ix":5},"nm":"Transform"}],"nm":"o","np":5,"cix":2,"bm":0,"ix":2,"mn":"ADBE Vector Group","hd":false},{"ty":"gr","it":[{"ind":0,"ty":"sh","ix":1,"ks":{"a":0,"k":{"i":[[0,0],[0,0],[0,0],[0,0]],"o":[[0,0],[0,0],[0,0],[0,0]],"v":[[-55.312,-18.5],[-55.312,0],[-49.762,0],[-49.762,-18.5]],"c":true},"ix":2},"nm":"l","mn":"ADBE Vector Shape - Group","hd":false},{"ty":"fl","c":{"a":0,"k":[1,1,1,1],"ix":4},"o":{"a":0,"k":100,"ix":5},"r":1,"bm":0,"nm":"Fill 1","mn":"ADBE Vector Graphic - Fill","hd":false},{"ty":"tr","p":{"a":0,"k":[0,0],"ix":2},"a":{"a":0,"k":[0,0],"ix":1},"s":{"a":0,"k":[100,100],"ix":3},"r":{"a":0,"k":0,"ix":6},"o":{"a":0,"k":100,"ix":7},"sk":{"a":0,"k":0,"ix":4},"sa":{"a":0,"k":0,"ix":5},"nm":"Transform"}],"nm":"l","np":3,"cix":2,"bm":0,"ix":3,"mn":"ADBE Vector Group","hd":false},{"ty":"gr","it":[{"ind":0,"ty":"sh","ix":1,"ks":{"a":0,"k":{"i":[[0,-1.483],[-0.509,-1.091],[-0.884,-0.575],[-1.1,0],[-0.659,0.375],[-0.35,0.65],[0,0],[0,0],[0,0],[0,0],[0,0],[0.658,0.375],[0.916,0],[0.883,-0.575],[0.508,-1.091]],"o":[[0,1.484],[0.508,1.092],[0.883,0.575],[0.916,0],[0.658,-0.375],[0,0],[0,0],[0,0],[0,0],[0,0],[-0.35,-0.65],[-0.659,-0.375],[-1.1,0],[-0.884,0.575],[-0.509,1.092]],"v":[[-48.012,-7.05],[-47.25,-3.188],[-45.162,-0.688],[-42.187,0.175],[-39.825,-0.387],[-38.312,-1.925],[-38.312,0],[-32.762,0],[-32.762,-18.5],[-38.312,-18.5],[-38.312,-12.175],[-39.825,-13.712],[-42.187,-14.275],[-45.162,-13.413],[-47.25,-10.913]],"c":true},"ix":2},"nm":"d","mn":"ADBE Vector Shape - Group","hd":false},{"ind":1,"ty":"sh","ix":2,"ks":{"a":0,"k":{"i":[[0,-0.75],[0.383,-0.416],[0.6,0],[0.383,0.417],[0,0.75],[-0.384,0.417],[-0.6,0],[-0.384,-0.416]],"o":[[0,0.75],[-0.384,0.417],[-0.6,0],[-0.384,-0.416],[0,-0.75],[0.383,-0.416],[0.6,0],[0.383,0.417]],"v":[[-38.287,-7.05],[-38.862,-5.3],[-40.337,-4.675],[-41.812,-5.3],[-42.387,-7.05],[-41.812,-8.8],[-40.337,-9.425],[-38.862,-8.8]],"c":true},"ix":2},"nm":"d","mn":"ADBE Vector Shape - Group","hd":false},{"ty":"mm","mm":1,"nm":"Merge Paths 1","mn":"ADBE Vector Filter - Merge","hd":false},{"ty":"fl","c":{"a":0,"k":[1,1,1,1],"ix":4},"o":{"a":0,"k":100,"ix":5},"r":1,"bm":0,"nm":"Fill 1","mn":"ADBE Vector Graphic - Fill","hd":false},{"ty":"tr","p":{"a":0,"k":[0,0],"ix":2},"a":{"a":0,"k":[0,0],"ix":1},"s":{"a":0,"k":[100,100],"ix":3},"r":{"a":0,"k":0,"ix":6},"o":{"a":0,"k":100,"ix":7},"sk":{"a":0,"k":0,"ix":4},"sa":{"a":0,"k":0,"ix":5},"nm":"Transform"}],"nm":"d","np":5,"cix":2,"bm":0,"ix":4,"mn":"ADBE Vector Group","hd":false},{"ty":"gr","it":[{"ind":0,"ty":"sh","ix":1,"ks":{"a":0,"k":{"i":[[-0.3,-0.033],[0,0],[0.233,0],[1.125,-1.008],[0.033,-1.833],[0,0],[0,0],[0,0],[0,0],[0,0],[0,0],[0,0],[0,0],[0,0],[-0.217,0.159],[-0.417,0]],"o":[[0,0],[-0.534,-0.033],[-2.034,0],[-1.125,1.009],[0,0],[0,0],[0,0],[0,0],[0,0],[0,0],[0,0],[0,0],[0,0],[0.083,-0.383],[0.216,-0.158],[0.116,0]],"v":[[-17.887,-15.1],[-17.887,-19.825],[-19.037,-19.875],[-23.775,-18.363],[-25.512,-14.1],[-27.012,-14.1],[-27.012,-9.475],[-25.512,-9.475],[-25.512,0],[-19.962,0],[-19.962,-9.475],[-17.887,-9.475],[-17.887,-14.1],[-19.912,-14.1],[-19.462,-14.913],[-18.512,-15.15]],"c":true},"ix":2},"nm":"f","mn":"ADBE Vector Shape - Group","hd":false},{"ty":"fl","c":{"a":0,"k":[1,1,1,1],"ix":4},"o":{"a":0,"k":100,"ix":5},"r":1,"bm":0,"nm":"Fill 1","mn":"ADBE Vector Graphic - Fill","hd":false},{"ty":"tr","p":{"a":0,"k":[0,0],"ix":2},"a":{"a":0,"k":[0,0],"ix":1},"s":{"a":0,"k":[100,100],"ix":3},"r":{"a":0,"k":0,"ix":6},"o":{"a":0,"k":100,"ix":7},"sk":{"a":0,"k":0,"ix":4},"sa":{"a":0,"k":0,"ix":5},"nm":"Transform"}],"nm":"f","np":3,"cix":2,"bm":0,"ix":5,"mn":"ADBE Vector Group","hd":false},{"ty":"gr","it":[{"ind":0,"ty":"sh","ix":1,"ks":{"a":0,"k":{"i":[[-1.417,0],[-1.134,0.584],[-0.642,1.092],[0,1.467],[0.641,1.092],[1.133,0.584],[1.416,0],[1.133,-0.583],[0.641,-1.091],[0,-1.466],[-0.642,-1.091],[-1.134,-0.583]],"o":[[1.416,0],[1.133,-0.583],[0.641,-1.091],[0,-1.466],[-0.642,-1.091],[-1.134,-0.583],[-1.417,0],[-1.134,0.584],[-0.642,1.092],[0,1.467],[0.641,1.092],[1.133,0.584]],"v":[[-9.687,0.175],[-5.862,-0.7],[-3.2,-3.212],[-2.237,-7.05],[-3.2,-10.887],[-5.862,-13.4],[-9.687,-14.275],[-13.512,-13.4],[-16.175,-10.887],[-17.137,-7.05],[-16.175,-3.212],[-13.512,-0.7]],"c":true},"ix":2},"nm":"o","mn":"ADBE Vector Shape - Group","hd":false},{"ind":1,"ty":"sh","ix":2,"ks":{"a":0,"k":{"i":[[0.516,0],[0.341,0.409],[0,0.8],[-0.35,0.409],[-0.517,0],[-0.35,-0.408],[0,-0.8],[0.35,-0.408]],"o":[[-0.534,0],[-0.342,-0.408],[0,-0.8],[0.35,-0.408],[0.516,0],[0.35,0.409],[0,0.8],[-0.35,0.409]],"v":[[-9.687,-4.625],[-11,-5.238],[-11.512,-7.05],[-10.987,-8.863],[-9.687,-9.475],[-8.387,-8.863],[-7.862,-7.05],[-8.387,-5.238]],"c":true},"ix":2},"nm":"o","mn":"ADBE Vector Shape - Group","hd":false},{"ty":"mm","mm":1,"nm":"Merge Paths 1","mn":"ADBE Vector Filter - Merge","hd":false},{"ty":"fl","c":{"a":0,"k":[1,1,1,1],"ix":4},"o":{"a":0,"k":100,"ix":5},"r":1,"bm":0,"nm":"Fill 1","mn":"ADBE Vector Graphic - Fill","hd":false},{"ty":"tr","p":{"a":0,"k":[0,0],"ix":2},"a":{"a":0,"k":[0,0],"ix":1},"s":{"a":0,"k":[100,100],"ix":3},"r":{"a":0,"k":0,"ix":6},"o":{"a":0,"k":100,"ix":7},"sk":{"a":0,"k":0,"ix":4},"sa":{"a":0,"k":0,"ix":5},"nm":"Transform"}],"nm":"o","np":5,"cix":2,"bm":0,"ix":6,"mn":"ADBE Vector Group","hd":false},{"ty":"gr","it":[{"ind":0,"ty":"sh","ix":1,"ks":{"a":0,"k":{"i":[[0.566,-0.816],[0,0],[0,0],[0,0],[0,0],[0,0],[-0.492,0.367],[-1.05,0],[0,0],[0,0],[0.816,-0.491]],"o":[[0,0],[0,0],[0,0],[0,0],[0,0],[0,-0.933],[0.491,-0.366],[0,0],[0,0],[-0.884,0],[-0.817,0.492]],"v":[[5.063,-11.5],[5.063,-14.1],[-0.487,-14.1],[-0.487,0],[5.063,0],[5.063,-5.775],[5.8,-7.725],[8.113,-8.275],[9.688,-8.275],[9.688,-14.2],[7.138,-13.462]],"c":true},"ix":2},"nm":"r","mn":"ADBE Vector Shape - Group","hd":false},{"ty":"fl","c":{"a":0,"k":[1,1,1,1],"ix":4},"o":{"a":0,"k":100,"ix":5},"r":1,"bm":0,"nm":"Fill 1","mn":"ADBE Vector Graphic - Fill","hd":false},{"ty":"tr","p":{"a":0,"k":[0,0],"ix":2},"a":{"a":0,"k":[0,0],"ix":1},"s":{"a":0,"k":[100,100],"ix":3},"r":{"a":0,"k":0,"ix":6},"o":{"a":0,"k":100,"ix":7},"sk":{"a":0,"k":0,"ix":4},"sa":{"a":0,"k":0,"ix":5},"nm":"Transform"}],"nm":"r","np":3,"cix":2,"bm":0,"ix":7,"mn":"ADBE Vector Group","hd":false},{"ty":"gr","it":[{"ind":0,"ty":"sh","ix":1,"ks":{"a":0,"k":{"i":[[1.8,0],[0.8,-0.475],[0.516,-0.733],[0.783,0.442],[1.016,0],[0.691,-0.366],[0.4,-0.6],[0,0],[0,0],[0,0],[0,0],[0,0],[-0.35,0.342],[-0.617,0],[-0.359,-0.341],[0,-0.6],[0,0],[0,0],[0,0],[-0.35,0.342],[-0.617,0],[-0.359,-0.341],[0,-0.6],[0,0],[0,0],[0,0],[0.991,1.084]],"o":[[-0.967,0],[-0.8,0.475],[-0.467,-0.8],[-0.784,-0.441],[-0.934,0],[-0.692,0.367],[0,0],[0,0],[0,0],[0,0],[0,0],[0,-0.6],[0.35,-0.341],[0.6,0],[0.358,0.342],[0,0],[0,0],[0,0],[0,-0.6],[0.35,-0.341],[0.6,0],[0.358,0.342],[0,0],[0,0],[0,0],[0,-1.85],[-0.992,-1.083]],"v":[[34.263,-14.2],[31.613,-13.488],[29.638,-11.675],[27.763,-13.538],[25.063,-14.2],[22.625,-13.65],[20.988,-12.2],[20.988,-14.1],[15.438,-14.1],[15.438,0],[20.988,0],[20.988,-7.475],[21.513,-8.887],[22.963,-9.4],[24.4,-8.887],[24.938,-7.475],[24.938,0],[30.463,0],[30.463,-7.475],[30.988,-8.887],[32.438,-9.4],[33.875,-8.887],[34.413,-7.475],[34.413,0],[39.938,0],[39.938,-8.175],[38.45,-12.575]],"c":true},"ix":2},"nm":"m","mn":"ADBE Vector Shape - Group","hd":false},{"ty":"fl","c":{"a":0,"k":[1,1,1,1],"ix":4},"o":{"a":0,"k":100,"ix":5},"r":1,"bm":0,"nm":"Fill 1","mn":"ADBE Vector Graphic - Fill","hd":false},{"ty":"tr","p":{"a":0,"k":[0,0],"ix":2},"a":{"a":0,"k":[0,0],"ix":1},"s":{"a":0,"k":[100,100],"ix":3},"r":{"a":0,"k":0,"ix":6},"o":{"a":0,"k":100,"ix":7},"sk":{"a":0,"k":0,"ix":4},"sa":{"a":0,"k":0,"ix":5},"nm":"Transform"}],"nm":"m","np":3,"cix":2,"bm":0,"ix":8,"mn":"ADBE Vector Group","hd":false},{"ty":"gr","it":[{"ind":0,"ty":"sh","ix":1,"ks":{"a":0,"k":{"i":[[0,0.384],[0.608,1.067],[1.091,0.575],[1.4,0],[1.091,-0.583],[0.608,-1.091],[0,-1.466],[-0.609,-1.091],[-1.092,-0.583],[-1.4,0],[-0.975,0.459],[-0.642,0.792],[-0.2,1],[0,0],[0.6,0],[0.083,1.217],[0,0]],"o":[[0,-1.45],[-0.609,-1.066],[-1.092,-0.575],[-1.4,0],[-1.092,0.584],[-0.609,1.092],[0,1.467],[0.608,1.092],[1.091,0.584],[1.166,0],[0.975,-0.458],[0.641,-0.791],[0,0],[-0.267,0.55],[-0.934,0],[0,0],[0.05,-0.35]],"v":[[55.988,-7.175],[55.075,-10.95],[52.525,-13.413],[48.788,-14.275],[45.05,-13.4],[42.5,-10.887],[41.588,-7.05],[42.5,-3.212],[45.05,-0.7],[48.788,0.175],[52,-0.512],[54.425,-2.387],[55.688,-5.075],[49.813,-5.075],[48.513,-4.25],[46.988,-6.075],[55.913,-6.075]],"c":true},"ix":2},"nm":"e","mn":"ADBE Vector Shape - Group","hd":false},{"ind":1,"ty":"sh","ix":2,"ks":{"a":0,"k":{"i":[[0,0],[-0.984,0],[-0.3,-0.241],[0,-0.466]],"o":[[0.166,-0.95],[0.45,0],[0.3,0.242],[0,0]],"v":[[47.063,-8.5],[48.788,-9.925],[49.913,-9.562],[50.363,-8.5]],"c":true},"ix":2},"nm":"e","mn":"ADBE Vector Shape - Group","hd":false},{"ty":"mm","mm":1,"nm":"Merge Paths 1","mn":"ADBE Vector Filter - Merge","hd":false},{"ty":"fl","c":{"a":0,"k":[1,1,1,1],"ix":4},"o":{"a":0,"k":100,"ix":5},"r":1,"bm":0,"nm":"Fill 1","mn":"ADBE Vector Graphic - Fill","hd":false},{"ty":"tr","p":{"a":0,"k":[0,0],"ix":2},"a":{"a":0,"k":[0,0],"ix":1},"s":{"a":0,"k":[100,100],"ix":3},"r":{"a":0,"k":0,"ix":6},"o":{"a":0,"k":100,"ix":7},"sk":{"a":0,"k":0,"ix":4},"sa":{"a":0,"k":0,"ix":5},"nm":"Transform"}],"nm":"e","np":5,"cix":2,"bm":0,"ix":9,"mn":"ADBE Vector Group","hd":false},{"ty":"gr","it":[{"ind":0,"ty":"sh","ix":1,"ks":{"a":0,"k":{"i":[[1.616,0],[0.725,-0.416],[0.433,-0.666],[0,0],[0,0],[0,0],[0,0],[0,0],[-0.35,0.392],[-0.617,0],[-0.359,-0.391],[0,-0.666],[0,0],[0,0],[0,0],[0.908,1.084]],"o":[[-1,0],[-0.725,0.417],[0,0],[0,0],[0,0],[0,0],[0,0],[0,-0.666],[0.35,-0.391],[0.6,0],[0.358,0.392],[0,0],[0,0],[0,0],[0,-1.85],[-0.909,-1.083]],"v":[[67.613,-14.2],[65.025,-13.575],[63.288,-11.95],[63.288,-14.1],[57.738,-14.1],[57.738,0],[63.288,0],[63.288,-7.475],[63.813,-9.062],[65.263,-9.65],[66.7,-9.062],[67.238,-7.475],[67.238,0],[72.763,0],[72.763,-8.175],[71.4,-12.575]],"c":true},"ix":2},"nm":"n","mn":"ADBE Vector Shape - Group","hd":false},{"ty":"fl","c":{"a":0,"k":[1,1,1,1],"ix":4},"o":{"a":0,"k":100,"ix":5},"r":1,"bm":0,"nm":"Fill 1","mn":"ADBE Vector Graphic - Fill","hd":false},{"ty":"tr","p":{"a":0,"k":[0,0],"ix":2},"a":{"a":0,"k":[0,0],"ix":1},"s":{"a":0,"k":[100,100],"ix":3},"r":{"a":0,"k":0,"ix":6},"o":{"a":0,"k":100,"ix":7},"sk":{"a":0,"k":0,"ix":4},"sa":{"a":0,"k":0,"ix":5},"nm":"Transform"}],"nm":"n","np":3,"cix":2,"bm":0,"ix":10,"mn":"ADBE Vector Group","hd":false},{"ty":"gr","it":[{"ind":0,"ty":"sh","ix":1,"ks":{"a":0,"k":{"i":[[0,0],[0,0],[0.35,-0.391],[0.616,0],[0.358,0.392],[0,0.667],[0,0],[0,0],[0,0],[-0.909,-1.083],[-1.617,0],[-0.725,0.417],[-0.434,0.667],[0,0],[0,0],[0,0]],"o":[[0,0],[0,0.667],[-0.35,0.392],[-0.6,0],[-0.359,-0.391],[0,0],[0,0],[0,0],[0,1.85],[0.908,1.084],[1,0],[0.725,-0.416],[0,0],[0,0],[0,0],[0,0]],"v":[[84.538,-14.1],[84.538,-6.625],[84.013,-5.038],[82.563,-4.45],[81.125,-5.038],[80.588,-6.625],[80.588,-14.1],[75.063,-14.1],[75.063,-5.925],[76.425,-1.525],[80.213,0.1],[82.8,-0.525],[84.538,-2.15],[84.538,0],[90.088,0],[90.088,-14.1]],"c":true},"ix":2},"nm":"u","mn":"ADBE Vector Shape - Group","hd":false},{"ty":"fl","c":{"a":0,"k":[1,1,1,1],"ix":4},"o":{"a":0,"k":100,"ix":5},"r":1,"bm":0,"nm":"Fill 1","mn":"ADBE Vector Graphic - Fill","hd":false},{"ty":"tr","p":{"a":0,"k":[0,0],"ix":2},"a":{"a":0,"k":[0,0],"ix":1},"s":{"a":0,"k":[100,100],"ix":3},"r":{"a":0,"k":0,"ix":6},"o":{"a":0,"k":100,"ix":7},"sk":{"a":0,"k":0,"ix":4},"sa":{"a":0,"k":0,"ix":5},"nm":"Transform"}],"nm":"u","np":3,"cix":2,"bm":0,"ix":11,"mn":"ADBE Vector Group","hd":false}],"ip":330,"op":571,"st":330,"ct":1,"bm":0},{"ddd":0,"ind":11,"ty":4,"nm":"Good morning Outlines","sr":1,"ks":{"o":{"a":1,"k":[{"i":{"x":[0],"y":[1]},"o":{"x":[0.05],"y":[0]},"t":0,"s":[0]},{"i":{"x":[0],"y":[1]},"o":{"x":[0.05],"y":[0]},"t":30,"s":[100]},{"i":{"x":[0],"y":[1]},"o":{"x":[0.05],"y":[0]},"t":330,"s":[100]},{"t":349,"s":[0]}],"ix":11},"r":{"a":0,"k":0,"ix":10},"p":{"a":1,"k":[{"i":{"x":0,"y":1},"o":{"x":0.05,"y":0},"t":0,"s":[225,160,0],"to":[0,0,0],"ti":[0,0,0]},{"i":{"x":0,"y":0},"o":{"x":0.05,"y":0.05},"t":30,"s":[225,100,0],"to":[0,0,0],"ti":[0,0,0]},{"i":{"x":0,"y":1},"o":{"x":0.05,"y":0},"t":330,"s":[225,100,0],"to":[0,0,0],"ti":[0,0,0]},{"t":360,"s":[225,40,0]}],"ix":2,"l":2},"a":{"a":0,"k":[-0.25,-6.9,0],"ix":1,"l":2},"s":{"a":0,"k":[215.691,215.691,100],"ix":6,"l":2}},"ao":0,"shapes":[{"ty":"gr","it":[{"ind":0,"ty":"sh","ix":1,"ks":{"a":0,"k":{"i":[[0,0],[1.458,1.117],[2.316,0],[1.35,-0.758],[0.725,-1.366],[0,-1.75],[-0.725,-1.366],[-1.359,-0.758],[-1.834,0],[-1.35,0.942],[-0.767,1.317],[0,0],[0,0],[0,0],[0,0],[1.283,0],[0.65,0.684],[0,1.384],[-0.584,0.692],[-1.067,0],[-0.4,-0.191],[-0.217,-0.35]],"o":[[-0.267,-1.916],[-1.459,-1.116],[-1.817,0],[-1.35,0.759],[-0.725,1.367],[0,1.75],[0.725,1.367],[1.358,0.759],[2.066,0],[1.35,-0.941],[0,0],[0,0],[0,0],[0,0],[-0.784,1.034],[-1.35,0],[-0.65,-0.683],[0,-1.2],[0.583,-0.691],[0.566,0],[0.4,0.192],[0,0]],"v":[[-75.162,-11.65],[-77.75,-16.2],[-83.412,-17.875],[-88.162,-16.738],[-91.275,-13.55],[-92.362,-8.875],[-91.275,-4.2],[-88.15,-1.012],[-83.362,0.125],[-78.237,-1.288],[-75.062,-4.675],[-75.062,-10.225],[-84.087,-10.225],[-84.087,-6.3],[-79.662,-6.3],[-82.762,-4.75],[-85.762,-5.775],[-86.737,-8.875],[-85.862,-11.712],[-83.387,-12.75],[-81.937,-12.462],[-81.012,-11.65]],"c":true},"ix":2},"nm":"G","mn":"ADBE Vector Shape - Group","hd":false},{"ty":"fl","c":{"a":0,"k":[1,1,1,1],"ix":4},"o":{"a":0,"k":100,"ix":5},"r":1,"bm":0,"nm":"Fill 1","mn":"ADBE Vector Graphic - Fill","hd":false},{"ty":"tr","p":{"a":0,"k":[0,0],"ix":2},"a":{"a":0,"k":[0,0],"ix":1},"s":{"a":0,"k":[100,100],"ix":3},"r":{"a":0,"k":0,"ix":6},"o":{"a":0,"k":100,"ix":7},"sk":{"a":0,"k":0,"ix":4},"sa":{"a":0,"k":0,"ix":5},"nm":"Transform"}],"nm":"G","np":3,"cix":2,"bm":0,"ix":1,"mn":"ADBE Vector Group","hd":false},{"ty":"gr","it":[{"ind":0,"ty":"sh","ix":1,"ks":{"a":0,"k":{"i":[[-1.417,0],[-1.134,0.584],[-0.642,1.092],[0,1.467],[0.641,1.092],[1.133,0.584],[1.416,0],[1.133,-0.583],[0.641,-1.091],[0,-1.466],[-0.642,-1.091],[-1.134,-0.583]],"o":[[1.416,0],[1.133,-0.583],[0.641,-1.091],[0,-1.466],[-0.642,-1.091],[-1.134,-0.583],[-1.417,0],[-1.134,0.584],[-0.642,1.092],[0,1.467],[0.641,1.092],[1.133,0.584]],"v":[[-66.362,0.175],[-62.537,-0.7],[-59.875,-3.212],[-58.912,-7.05],[-59.875,-10.887],[-62.537,-13.4],[-66.362,-14.275],[-70.187,-13.4],[-72.85,-10.887],[-73.812,-7.05],[-72.85,-3.212],[-70.187,-0.7]],"c":true},"ix":2},"nm":"o","mn":"ADBE Vector Shape - Group","hd":false},{"ind":1,"ty":"sh","ix":2,"ks":{"a":0,"k":{"i":[[0.516,0],[0.341,0.409],[0,0.8],[-0.35,0.409],[-0.517,0],[-0.35,-0.408],[0,-0.8],[0.35,-0.408]],"o":[[-0.534,0],[-0.342,-0.408],[0,-0.8],[0.35,-0.408],[0.516,0],[0.35,0.409],[0,0.8],[-0.35,0.409]],"v":[[-66.362,-4.625],[-67.675,-5.238],[-68.187,-7.05],[-67.662,-8.863],[-66.362,-9.475],[-65.062,-8.863],[-64.537,-7.05],[-65.062,-5.238]],"c":true},"ix":2},"nm":"o","mn":"ADBE Vector Shape - Group","hd":false},{"ty":"mm","mm":1,"nm":"Merge Paths 1","mn":"ADBE Vector Filter - Merge","hd":false},{"ty":"fl","c":{"a":0,"k":[1,1,1,1],"ix":4},"o":{"a":0,"k":100,"ix":5},"r":1,"bm":0,"nm":"Fill 1","mn":"ADBE Vector Graphic - Fill","hd":false},{"ty":"tr","p":{"a":0,"k":[0,0],"ix":2},"a":{"a":0,"k":[0,0],"ix":1},"s":{"a":0,"k":[100,100],"ix":3},"r":{"a":0,"k":0,"ix":6},"o":{"a":0,"k":100,"ix":7},"sk":{"a":0,"k":0,"ix":4},"sa":{"a":0,"k":0,"ix":5},"nm":"Transform"}],"nm":"o","np":5,"cix":2,"bm":0,"ix":2,"mn":"ADBE Vector Group","hd":false},{"ty":"gr","it":[{"ind":0,"ty":"sh","ix":1,"ks":{"a":0,"k":{"i":[[-1.417,0],[-1.134,0.584],[-0.642,1.092],[0,1.467],[0.641,1.092],[1.133,0.584],[1.416,0],[1.133,-0.583],[0.641,-1.091],[0,-1.466],[-0.642,-1.091],[-1.134,-0.583]],"o":[[1.416,0],[1.133,-0.583],[0.641,-1.091],[0,-1.466],[-0.642,-1.091],[-1.134,-0.583],[-1.417,0],[-1.134,0.584],[-0.642,1.092],[0,1.467],[0.641,1.092],[1.133,0.584]],"v":[[-50.462,0.175],[-46.637,-0.7],[-43.975,-3.212],[-43.012,-7.05],[-43.975,-10.887],[-46.637,-13.4],[-50.462,-14.275],[-54.287,-13.4],[-56.95,-10.887],[-57.912,-7.05],[-56.95,-3.212],[-54.287,-0.7]],"c":true},"ix":2},"nm":"o","mn":"ADBE Vector Shape - Group","hd":false},{"ind":1,"ty":"sh","ix":2,"ks":{"a":0,"k":{"i":[[0.516,0],[0.341,0.409],[0,0.8],[-0.35,0.409],[-0.517,0],[-0.35,-0.408],[0,-0.8],[0.35,-0.408]],"o":[[-0.534,0],[-0.342,-0.408],[0,-0.8],[0.35,-0.408],[0.516,0],[0.35,0.409],[0,0.8],[-0.35,0.409]],"v":[[-50.462,-4.625],[-51.775,-5.238],[-52.287,-7.05],[-51.762,-8.863],[-50.462,-9.475],[-49.162,-8.863],[-48.637,-7.05],[-49.162,-5.238]],"c":true},"ix":2},"nm":"o","mn":"ADBE Vector Shape - Group","hd":false},{"ty":"mm","mm":1,"nm":"Merge Paths 1","mn":"ADBE Vector Filter - Merge","hd":false},{"ty":"fl","c":{"a":0,"k":[1,1,1,1],"ix":4},"o":{"a":0,"k":100,"ix":5},"r":1,"bm":0,"nm":"Fill 1","mn":"ADBE Vector Graphic - Fill","hd":false},{"ty":"tr","p":{"a":0,"k":[0,0],"ix":2},"a":{"a":0,"k":[0,0],"ix":1},"s":{"a":0,"k":[100,100],"ix":3},"r":{"a":0,"k":0,"ix":6},"o":{"a":0,"k":100,"ix":7},"sk":{"a":0,"k":0,"ix":4},"sa":{"a":0,"k":0,"ix":5},"nm":"Transform"}],"nm":"o","np":5,"cix":2,"bm":0,"ix":3,"mn":"ADBE Vector Group","hd":false},{"ty":"gr","it":[{"ind":0,"ty":"sh","ix":1,"ks":{"a":0,"k":{"i":[[0,-1.483],[-0.509,-1.091],[-0.884,-0.575],[-1.1,0],[-0.659,0.375],[-0.35,0.65],[0,0],[0,0],[0,0],[0,0],[0,0],[0.658,0.375],[0.916,0],[0.883,-0.575],[0.508,-1.091]],"o":[[0,1.484],[0.508,1.092],[0.883,0.575],[0.916,0],[0.658,-0.375],[0,0],[0,0],[0,0],[0,0],[0,0],[-0.35,-0.65],[-0.659,-0.375],[-1.1,0],[-0.884,0.575],[-0.509,1.092]],"v":[[-42.012,-7.05],[-41.25,-3.188],[-39.162,-0.688],[-36.187,0.175],[-33.825,-0.387],[-32.312,-1.925],[-32.312,0],[-26.762,0],[-26.762,-18.5],[-32.312,-18.5],[-32.312,-12.175],[-33.825,-13.712],[-36.187,-14.275],[-39.162,-13.413],[-41.25,-10.913]],"c":true},"ix":2},"nm":"d","mn":"ADBE Vector Shape - Group","hd":false},{"ind":1,"ty":"sh","ix":2,"ks":{"a":0,"k":{"i":[[0,-0.75],[0.383,-0.416],[0.6,0],[0.383,0.417],[0,0.75],[-0.384,0.417],[-0.6,0],[-0.384,-0.416]],"o":[[0,0.75],[-0.384,0.417],[-0.6,0],[-0.384,-0.416],[0,-0.75],[0.383,-0.416],[0.6,0],[0.383,0.417]],"v":[[-32.287,-7.05],[-32.862,-5.3],[-34.337,-4.675],[-35.812,-5.3],[-36.387,-7.05],[-35.812,-8.8],[-34.337,-9.425],[-32.862,-8.8]],"c":true},"ix":2},"nm":"d","mn":"ADBE Vector Shape - Group","hd":false},{"ty":"mm","mm":1,"nm":"Merge Paths 1","mn":"ADBE Vector Filter - Merge","hd":false},{"ty":"fl","c":{"a":0,"k":[1,1,1,1],"ix":4},"o":{"a":0,"k":100,"ix":5},"r":1,"bm":0,"nm":"Fill 1","mn":"ADBE Vector Graphic - Fill","hd":false},{"ty":"tr","p":{"a":0,"k":[0,0],"ix":2},"a":{"a":0,"k":[0,0],"ix":1},"s":{"a":0,"k":[100,100],"ix":3},"r":{"a":0,"k":0,"ix":6},"o":{"a":0,"k":100,"ix":7},"sk":{"a":0,"k":0,"ix":4},"sa":{"a":0,"k":0,"ix":5},"nm":"Transform"}],"nm":"d","np":5,"cix":2,"bm":0,"ix":4,"mn":"ADBE Vector Group","hd":false},{"ty":"gr","it":[{"ind":0,"ty":"sh","ix":1,"ks":{"a":0,"k":{"i":[[1.8,0],[0.8,-0.475],[0.516,-0.733],[0.783,0.442],[1.016,0],[0.691,-0.366],[0.4,-0.6],[0,0],[0,0],[0,0],[0,0],[0,0],[-0.35,0.342],[-0.617,0],[-0.359,-0.341],[0,-0.6],[0,0],[0,0],[0,0],[-0.35,0.342],[-0.617,0],[-0.359,-0.341],[0,-0.6],[0,0],[0,0],[0,0],[0.991,1.084]],"o":[[-0.967,0],[-0.8,0.475],[-0.467,-0.8],[-0.784,-0.441],[-0.934,0],[-0.692,0.367],[0,0],[0,0],[0,0],[0,0],[0,0],[0,-0.6],[0.35,-0.341],[0.6,0],[0.358,0.342],[0,0],[0,0],[0,0],[0,-0.6],[0.35,-0.341],[0.6,0],[0.358,0.342],[0,0],[0,0],[0,0],[0,-1.85],[-0.992,-1.083]],"v":[[-1.187,-14.2],[-3.837,-13.488],[-5.812,-11.675],[-7.687,-13.538],[-10.387,-14.2],[-12.825,-13.65],[-14.462,-12.2],[-14.462,-14.1],[-20.012,-14.1],[-20.012,0],[-14.462,0],[-14.462,-7.475],[-13.937,-8.887],[-12.487,-9.4],[-11.05,-8.887],[-10.512,-7.475],[-10.512,0],[-4.987,0],[-4.987,-7.475],[-4.462,-8.887],[-3.012,-9.4],[-1.575,-8.887],[-1.037,-7.475],[-1.037,0],[4.488,0],[4.488,-8.175],[3,-12.575]],"c":true},"ix":2},"nm":"m","mn":"ADBE Vector Shape - Group","hd":false},{"ty":"fl","c":{"a":0,"k":[1,1,1,1],"ix":4},"o":{"a":0,"k":100,"ix":5},"r":1,"bm":0,"nm":"Fill 1","mn":"ADBE Vector Graphic - Fill","hd":false},{"ty":"tr","p":{"a":0,"k":[0,0],"ix":2},"a":{"a":0,"k":[0,0],"ix":1},"s":{"a":0,"k":[100,100],"ix":3},"r":{"a":0,"k":0,"ix":6},"o":{"a":0,"k":100,"ix":7},"sk":{"a":0,"k":0,"ix":4},"sa":{"a":0,"k":0,"ix":5},"nm":"Transform"}],"nm":"m","np":3,"cix":2,"bm":0,"ix":5,"mn":"ADBE Vector Group","hd":false},{"ty":"gr","it":[{"ind":0,"ty":"sh","ix":1,"ks":{"a":0,"k":{"i":[[-1.417,0],[-1.134,0.584],[-0.642,1.092],[0,1.467],[0.641,1.092],[1.133,0.584],[1.416,0],[1.133,-0.583],[0.641,-1.091],[0,-1.466],[-0.642,-1.091],[-1.134,-0.583]],"o":[[1.416,0],[1.133,-0.583],[0.641,-1.091],[0,-1.466],[-0.642,-1.091],[-1.134,-0.583],[-1.417,0],[-1.134,0.584],[-0.642,1.092],[0,1.467],[0.641,1.092],[1.133,0.584]],"v":[[13.588,0.175],[17.413,-0.7],[20.075,-3.212],[21.038,-7.05],[20.075,-10.887],[17.413,-13.4],[13.588,-14.275],[9.763,-13.4],[7.1,-10.887],[6.138,-7.05],[7.1,-3.212],[9.763,-0.7]],"c":true},"ix":2},"nm":"o","mn":"ADBE Vector Shape - Group","hd":false},{"ind":1,"ty":"sh","ix":2,"ks":{"a":0,"k":{"i":[[0.516,0],[0.341,0.409],[0,0.8],[-0.35,0.409],[-0.517,0],[-0.35,-0.408],[0,-0.8],[0.35,-0.408]],"o":[[-0.534,0],[-0.342,-0.408],[0,-0.8],[0.35,-0.408],[0.516,0],[0.35,0.409],[0,0.8],[-0.35,0.409]],"v":[[13.588,-4.625],[12.275,-5.238],[11.763,-7.05],[12.288,-8.863],[13.588,-9.475],[14.888,-8.863],[15.413,-7.05],[14.888,-5.238]],"c":true},"ix":2},"nm":"o","mn":"ADBE Vector Shape - Group","hd":false},{"ty":"mm","mm":1,"nm":"Merge Paths 1","mn":"ADBE Vector Filter - Merge","hd":false},{"ty":"fl","c":{"a":0,"k":[1,1,1,1],"ix":4},"o":{"a":0,"k":100,"ix":5},"r":1,"bm":0,"nm":"Fill 1","mn":"ADBE Vector Graphic - Fill","hd":false},{"ty":"tr","p":{"a":0,"k":[0,0],"ix":2},"a":{"a":0,"k":[0,0],"ix":1},"s":{"a":0,"k":[100,100],"ix":3},"r":{"a":0,"k":0,"ix":6},"o":{"a":0,"k":100,"ix":7},"sk":{"a":0,"k":0,"ix":4},"sa":{"a":0,"k":0,"ix":5},"nm":"Transform"}],"nm":"o","np":5,"cix":2,"bm":0,"ix":6,"mn":"ADBE Vector Group","hd":false},{"ty":"gr","it":[{"ind":0,"ty":"sh","ix":1,"ks":{"a":0,"k":{"i":[[0.566,-0.816],[0,0],[0,0],[0,0],[0,0],[0,0],[-0.492,0.367],[-1.05,0],[0,0],[0,0],[0.816,-0.491]],"o":[[0,0],[0,0],[0,0],[0,0],[0,0],[0,-0.933],[0.491,-0.366],[0,0],[0,0],[-0.884,0],[-0.817,0.492]],"v":[[28.338,-11.5],[28.338,-14.1],[22.788,-14.1],[22.788,0],[28.338,0],[28.338,-5.775],[29.075,-7.725],[31.388,-8.275],[32.963,-8.275],[32.963,-14.2],[30.413,-13.462]],"c":true},"ix":2},"nm":"r","mn":"ADBE Vector Shape - Group","hd":false},{"ty":"fl","c":{"a":0,"k":[1,1,1,1],"ix":4},"o":{"a":0,"k":100,"ix":5},"r":1,"bm":0,"nm":"Fill 1","mn":"ADBE Vector Graphic - Fill","hd":false},{"ty":"tr","p":{"a":0,"k":[0,0],"ix":2},"a":{"a":0,"k":[0,0],"ix":1},"s":{"a":0,"k":[100,100],"ix":3},"r":{"a":0,"k":0,"ix":6},"o":{"a":0,"k":100,"ix":7},"sk":{"a":0,"k":0,"ix":4},"sa":{"a":0,"k":0,"ix":5},"nm":"Transform"}],"nm":"r","np":3,"cix":2,"bm":0,"ix":7,"mn":"ADBE Vector Group","hd":false},{"ty":"gr","it":[{"ind":0,"ty":"sh","ix":1,"ks":{"a":0,"k":{"i":[[1.616,0],[0.725,-0.416],[0.433,-0.666],[0,0],[0,0],[0,0],[0,0],[0,0],[-0.35,0.392],[-0.617,0],[-0.359,-0.391],[0,-0.666],[0,0],[0,0],[0,0],[0.908,1.084]],"o":[[-1,0],[-0.725,0.417],[0,0],[0,0],[0,0],[0,0],[0,0],[0,-0.666],[0.35,-0.391],[0.6,0],[0.358,0.392],[0,0],[0,0],[0,0],[0,-1.85],[-0.909,-1.083]],"v":[[44.338,-14.2],[41.75,-13.575],[40.013,-11.95],[40.013,-14.1],[34.463,-14.1],[34.463,0],[40.013,0],[40.013,-7.475],[40.538,-9.062],[41.988,-9.65],[43.425,-9.062],[43.963,-7.475],[43.963,0],[49.488,0],[49.488,-8.175],[48.125,-12.575]],"c":true},"ix":2},"nm":"n","mn":"ADBE Vector Shape - Group","hd":false},{"ty":"fl","c":{"a":0,"k":[1,1,1,1],"ix":4},"o":{"a":0,"k":100,"ix":5},"r":1,"bm":0,"nm":"Fill 1","mn":"ADBE Vector Graphic - Fill","hd":false},{"ty":"tr","p":{"a":0,"k":[0,0],"ix":2},"a":{"a":0,"k":[0,0],"ix":1},"s":{"a":0,"k":[100,100],"ix":3},"r":{"a":0,"k":0,"ix":6},"o":{"a":0,"k":100,"ix":7},"sk":{"a":0,"k":0,"ix":4},"sa":{"a":0,"k":0,"ix":5},"nm":"Transform"}],"nm":"n","np":3,"cix":2,"bm":0,"ix":8,"mn":"ADBE Vector Group","hd":false},{"ty":"gr","it":[{"ind":0,"ty":"sh","ix":1,"ks":{"a":0,"k":{"i":[[-0.967,0],[-0.584,0.517],[0,0.784],[0.583,0.525],[0.95,0],[0.583,-0.525],[0,-0.8],[-0.584,-0.516]],"o":[[0.95,0],[0.583,-0.516],[0,-0.8],[-0.584,-0.525],[-0.967,0],[-0.584,0.525],[0,0.784],[0.583,0.517]],"v":[[54.688,-15.225],[56.988,-16],[57.863,-17.95],[56.988,-19.938],[54.688,-20.725],[52.363,-19.938],[51.488,-17.95],[52.363,-16]],"c":true},"ix":2},"nm":"i","mn":"ADBE Vector Shape - Group","hd":false},{"ind":1,"ty":"sh","ix":2,"ks":{"a":0,"k":{"i":[[0,0],[0,0],[0,0],[0,0]],"o":[[0,0],[0,0],[0,0],[0,0]],"v":[[51.888,-14.1],[51.888,0],[57.438,0],[57.438,-14.1]],"c":true},"ix":2},"nm":"i","mn":"ADBE Vector Shape - Group","hd":false},{"ty":"mm","mm":1,"nm":"Merge Paths 1","mn":"ADBE Vector Filter - Merge","hd":false},{"ty":"fl","c":{"a":0,"k":[1,1,1,1],"ix":4},"o":{"a":0,"k":100,"ix":5},"r":1,"bm":0,"nm":"Fill 1","mn":"ADBE Vector Graphic - Fill","hd":false},{"ty":"tr","p":{"a":0,"k":[0,0],"ix":2},"a":{"a":0,"k":[0,0],"ix":1},"s":{"a":0,"k":[100,100],"ix":3},"r":{"a":0,"k":0,"ix":6},"o":{"a":0,"k":100,"ix":7},"sk":{"a":0,"k":0,"ix":4},"sa":{"a":0,"k":0,"ix":5},"nm":"Transform"}],"nm":"i","np":5,"cix":2,"bm":0,"ix":9,"mn":"ADBE Vector Group","hd":false},{"ty":"gr","it":[{"ind":0,"ty":"sh","ix":1,"ks":{"a":0,"k":{"i":[[1.616,0],[0.725,-0.416],[0.433,-0.666],[0,0],[0,0],[0,0],[0,0],[0,0],[-0.35,0.392],[-0.617,0],[-0.359,-0.391],[0,-0.666],[0,0],[0,0],[0,0],[0.908,1.084]],"o":[[-1,0],[-0.725,0.417],[0,0],[0,0],[0,0],[0,0],[0,0],[0,-0.666],[0.35,-0.391],[0.6,0],[0.358,0.392],[0,0],[0,0],[0,0],[0,-1.85],[-0.909,-1.083]],"v":[[69.813,-14.2],[67.225,-13.575],[65.488,-11.95],[65.488,-14.1],[59.938,-14.1],[59.938,0],[65.488,0],[65.488,-7.475],[66.013,-9.062],[67.463,-9.65],[68.9,-9.062],[69.438,-7.475],[69.438,0],[74.963,0],[74.963,-8.175],[73.6,-12.575]],"c":true},"ix":2},"nm":"n","mn":"ADBE Vector Shape - Group","hd":false},{"ty":"fl","c":{"a":0,"k":[1,1,1,1],"ix":4},"o":{"a":0,"k":100,"ix":5},"r":1,"bm":0,"nm":"Fill 1","mn":"ADBE Vector Graphic - Fill","hd":false},{"ty":"tr","p":{"a":0,"k":[0,0],"ix":2},"a":{"a":0,"k":[0,0],"ix":1},"s":{"a":0,"k":[100,100],"ix":3},"r":{"a":0,"k":0,"ix":6},"o":{"a":0,"k":100,"ix":7},"sk":{"a":0,"k":0,"ix":4},"sa":{"a":0,"k":0,"ix":5},"nm":"Transform"}],"nm":"n","np":3,"cix":2,"bm":0,"ix":10,"mn":"ADBE Vector Group","hd":false},{"ty":"gr","it":[{"ind":0,"ty":"sh","ix":1,"ks":{"a":0,"k":{"i":[[0.916,0],[0.883,-0.575],[0.508,-1.091],[0,-1.483],[-0.509,-1.091],[-0.884,-0.575],[-1.1,0],[-0.667,0.375],[-0.35,0.65],[0,0],[0.366,-0.334],[0.65,0],[0.15,0.733],[0,0],[-1.325,-1.059],[-2.267,0],[-1.075,0.65],[-0.484,1.083],[0,1.316],[0,0],[0,0],[0,0],[0.666,0.375]],"o":[[-1.1,0],[-0.884,0.575],[-0.509,1.092],[0,1.484],[0.508,1.092],[0.883,0.575],[0.916,0],[0.666,-0.375],[0,0],[0,0.916],[-0.367,0.333],[-1.05,0],[0,0],[0.183,1.816],[1.325,1.058],[1.683,0],[1.075,-0.65],[0.483,-1.084],[0,0],[0,0],[0,0],[-0.35,-0.65],[-0.667,-0.375]],"v":[[82.438,-14.275],[79.463,-13.413],[77.375,-10.913],[76.613,-7.05],[77.375,-3.188],[79.463,-0.688],[82.438,0.175],[84.813,-0.387],[86.338,-1.925],[86.338,-0.25],[85.788,1.625],[84.263,2.125],[82.463,1.025],[77.013,1.025],[79.275,5.337],[84.663,6.925],[88.8,5.95],[91.138,3.35],[91.863,-0.25],[91.863,-14.1],[86.338,-14.1],[86.338,-12.175],[84.813,-13.712]],"c":true},"ix":2},"nm":"g","mn":"ADBE Vector Shape - Group","hd":false},{"ind":1,"ty":"sh","ix":2,"ks":{"a":0,"k":{"i":[[0,-0.75],[0.383,-0.416],[0.6,0],[0.383,0.417],[0,0.75],[-0.384,0.417],[-0.6,0],[-0.384,-0.416]],"o":[[0,0.75],[-0.384,0.417],[-0.6,0],[-0.384,-0.416],[0,-0.75],[0.383,-0.416],[0.6,0],[0.383,0.417]],"v":[[86.338,-7.05],[85.763,-5.3],[84.288,-4.675],[82.813,-5.3],[82.238,-7.05],[82.813,-8.8],[84.288,-9.425],[85.763,-8.8]],"c":true},"ix":2},"nm":"g","mn":"ADBE Vector Shape - Group","hd":false},{"ty":"mm","mm":1,"nm":"Merge Paths 1","mn":"ADBE Vector Filter - Merge","hd":false},{"ty":"fl","c":{"a":0,"k":[1,1,1,1],"ix":4},"o":{"a":0,"k":100,"ix":5},"r":1,"bm":0,"nm":"Fill 1","mn":"ADBE Vector Graphic - Fill","hd":false},{"ty":"tr","p":{"a":0,"k":[0,0],"ix":2},"a":{"a":0,"k":[0,0],"ix":1},"s":{"a":0,"k":[100,100],"ix":3},"r":{"a":0,"k":0,"ix":6},"o":{"a":0,"k":100,"ix":7},"sk":{"a":0,"k":0,"ix":4},"sa":{"a":0,"k":0,"ix":5},"nm":"Transform"}],"nm":"g","np":5,"cix":2,"bm":0,"ix":11,"mn":"ADBE Vector Group","hd":false}],"ip":0,"op":361,"st":0,"ct":1,"bm":0}],"markers":[]}